Condition,State,Occurred_in_trials,Mean_Onset_ms,Median_Onset_ms,Std_ms,IQR_ms
Sound 1,State 1,118 / 118 (100.0%),-478.3898305084745,-495.0,179.66645338752775,0.0
Sound 1,State 2,118 / 118 (100.0%),5.932203389830955,35.00000000000047,99.97446528341334,0.0
Sound 1,State 3,118 / 118 (100.0%),88.81355932203442,85.00000000000053,57.503419080740755,30.00000000000003
Sound 1,State 4,81 / 118 (68.6%),532.1604938271614,545.0000000000009,198.09733589487035,100.00000000000009
Sound 1,State 5,117 / 118 (99.2%),567.7350427350437,585.0000000000009,260.49467711681723,150.00000000000014
Sound 2,State 1,109 / 109 (100.0%),-466.4678899082569,-495.0,88.08696378650765,0.0
Sound 2,State 2,109 / 109 (100.0%),9.220183486238982,15.000000000000455,41.2931693038812,0.0
Sound 2,State 3,109 / 109 (100.0%),82.9816513761473,85.00000000000053,25.00568069454876,10.000000000000009
Sound 2,State 4,108 / 109 (99.1%),-0.5555555555551305,-324.99999999999983,615.827256522918,1015.000000000001
Sound 2,State 5,109 / 109 (100.0%),454.44954128440463,555.0000000000009,302.49675064563235,30.00000000000003
