trial_idx,trial_id,condition,state5_onset_ms,rt_ms,is_hit,is_false_alarm,rewarded_modality,block_index
0,0,Sound 1,745.0000000000011,532.9200000001038,True,False,aud,0
1,1,Sound 1,905.0000000000013,327.56000000017593,True,False,aud,0
2,2,Sound 1,545.0000000000009,538.499999999658,True,False,aud,0
3,3,Sound 1,625.000000000001,692.9700000000594,True,False,aud,0
4,4,Sound 1,555.0000000000009,658.7399999998524,True,False,aud,0
5,13,Sound 1,835.0000000000011,437.94000000025335,True,False,aud,0
6,17,Sound 1,675.000000000001,344.3600000000515,True,False,aud,0
7,18,Sound 1,675.000000000001,380.23999999995794,True,False,aud,0
8,19,Sound 1,695.000000000001,412.46000000001004,True,False,aud,0
9,27,Sound 1,705.000000000001,430.31999999993786,True,False,aud,0
10,30,Sound 1,835.0000000000011,490.04999999988286,True,False,aud,0
11,41,Sound 1,705.000000000001,429.29999999978463,True,False,aud,0
12,42,Sound 1,645.000000000001,433.94999999964057,True,False,aud,0
13,47,Sound 1,825.0000000000011,527.6899999998932,True,False,aud,0
14,48,Sound 1,675.000000000001,450.93999999971857,True,False,aud,0
15,51,Sound 1,725.0000000000011,434.5499999999447,True,False,aud,0
16,54,Sound 1,-464.99999999999994,286.7400000000089,True,False,aud,0
17,55,Sound 1,555.0000000000009,261.8999999999687,True,False,aud,0
18,56,Sound 1,645.000000000001,431.64000000024316,True,False,aud,0
19,65,Sound 1,575.0000000000009,550.7699999998295,True,False,aud,0
20,73,Sound 1,545.0000000000009,598.6699999998564,True,False,aud,0
21,87,Sound 1,545.0000000000009,,False,False,vis,1
22,93,Sound 1,555.0000000000009,,False,False,vis,1
23,96,Sound 1,525.0000000000009,,False,False,vis,1
24,97,Sound 1,555.0000000000009,,False,False,vis,1
25,100,Sound 1,555.0000000000009,,False,False,vis,1
26,107,Sound 1,545.0000000000009,,False,False,vis,1
27,108,Sound 1,505.0000000000009,,False,False,vis,1
28,109,Sound 1,515.0000000000009,,False,False,vis,1
29,110,Sound 1,625.000000000001,,False,False,vis,1
30,112,Sound 1,545.0000000000009,,False,False,vis,1
31,126,Sound 1,545.0000000000009,,False,False,vis,1
32,130,Sound 1,545.0000000000009,,False,False,vis,1
33,136,Sound 1,-495.0,,False,False,vis,1
34,139,Sound 1,625.000000000001,,False,False,vis,1
35,142,Sound 1,535.0000000000009,,False,False,vis,1
36,151,Sound 1,575.0000000000009,,False,False,vis,1
37,154,Sound 1,555.0000000000009,,False,False,vis,1
38,157,Sound 1,555.0000000000009,,False,False,vis,1
39,162,Sound 1,555.0000000000009,,False,False,vis,1
40,169,Sound 1,865.0000000000013,568.000000000211,True,False,aud,2
41,170,Sound 1,765.0000000000011,477.8799999999137,True,False,aud,2
42,171,Sound 1,15.000000000000455,,False,False,aud,2
43,172,Sound 1,-264.9999999999998,538.9399999999114,True,False,aud,2
44,173,Sound 1,665.000000000001,441.15999999985434,True,False,aud,2
45,180,Sound 1,675.000000000001,455.4600000001301,True,False,aud,2
46,184,Sound 1,695.000000000001,506.28999999980806,True,False,aud,2
47,189,Sound 1,-224.99999999999974,410.71000000010827,True,False,aud,2
48,195,Sound 1,555.0000000000009,674.6600000001308,True,False,aud,2
49,197,Sound 1,865.0000000000013,514.3200000002253,True,False,aud,2
50,201,Sound 1,805.0000000000011,444.87000000026455,True,False,aud,2
51,207,Sound 1,745.0000000000011,418.63999999986845,True,False,aud,2
52,208,Sound 1,845.0000000000013,531.6100000000006,True,False,aud,2
53,215,Sound 1,525.0000000000009,583.6599999997816,True,False,aud,2
54,217,Sound 1,745.0000000000011,463.4799999998904,True,False,aud,2
55,222,Sound 1,675.000000000001,429.96999999968466,True,False,aud,2
56,224,Sound 1,555.0000000000009,572.5400000001173,True,False,aud,2
57,227,Sound 1,835.0000000000011,552.8699999999844,True,False,aud,2
58,232,Sound 1,675.000000000001,422.75000000017826,True,False,aud,2
59,233,Sound 1,535.0000000000009,546.9900000002781,True,False,aud,2
60,245,Sound 1,815.0000000000011,472.29999999944994,True,False,aud,2
61,253,Sound 1,695.000000000001,458.38000000003376,True,False,aud,2
62,256,Sound 1,715.000000000001,518.5900000005859,True,False,aud,2
63,268,Sound 1,605.000000000001,561.7899999997462,False,True,vis,3
64,273,Sound 1,555.0000000000009,515.6399999996211,False,True,vis,3
65,277,Sound 1,555.0000000000009,,False,False,vis,3
66,280,Sound 1,545.0000000000009,,False,False,vis,3
67,283,Sound 1,545.0000000000009,,False,False,vis,3
68,286,Sound 1,565.0000000000009,,False,False,vis,3
69,293,Sound 1,565.0000000000009,,False,False,vis,3
70,300,Sound 1,545.0000000000009,,False,False,vis,3
71,301,Sound 1,575.0000000000009,,False,False,vis,3
72,306,Sound 1,-364.9999999999999,,False,False,vis,3
73,309,Sound 1,545.0000000000009,,False,False,vis,3
74,311,Sound 1,545.0000000000009,,False,False,vis,3
75,317,Sound 1,655.000000000001,,False,False,vis,3
76,318,Sound 1,625.000000000001,,False,False,vis,3
77,321,Sound 1,615.000000000001,,False,False,vis,3
78,331,Sound 1,565.0000000000009,495.3800000002957,False,True,vis,3
79,334,Sound 1,535.0000000000009,,False,False,vis,3
80,336,Sound 1,575.0000000000009,,False,False,vis,3
81,340,Sound 1,555.0000000000009,,False,False,aud,4
82,341,Sound 1,-324.99999999999983,312.78000000020256,True,False,aud,4
83,342,Sound 1,665.000000000001,412.30999999970663,True,False,aud,4
84,343,Sound 1,705.000000000001,469.69999999964784,True,False,aud,4
85,344,Sound 1,715.000000000001,508.50999999966007,True,False,aud,4
86,354,Sound 1,785.0000000000011,524.3499999996857,True,False,aud,4
87,360,Sound 1,605.000000000001,385.05999999961205,True,False,aud,4
88,366,Sound 1,745.0000000000011,464.10000000014406,True,False,aud,4
89,368,Sound 1,585.0000000000009,629.7700000004625,True,False,aud,4
90,369,Sound 1,545.0000000000009,550.970000000234,True,False,aud,4
91,371,Sound 1,775.0000000000011,457.50000000043656,True,False,aud,4
92,377,Sound 1,575.0000000000009,,False,False,aud,4
93,385,Sound 1,625.000000000001,396.72000000064145,True,False,aud,4
94,386,Sound 1,535.0000000000009,575.7800000001225,True,False,aud,4
95,395,Sound 1,555.0000000000009,606.6000000000713,True,False,aud,4
96,400,Sound 1,685.000000000001,395.8599999996295,True,False,aud,4
97,401,Sound 1,655.000000000001,421.14000000037777,True,False,aud,4
98,415,Sound 1,575.0000000000009,639.6799999993164,True,False,aud,4
99,416,Sound 1,535.0000000000009,638.0600000002232,True,False,aud,4
100,417,Sound 1,725.0000000000011,458.0599999999322,True,False,aud,4
101,431,Sound 1,,,False,False,vis,5
102,432,Sound 1,585.0000000000009,,False,False,vis,5
103,434,Sound 1,625.000000000001,,False,False,vis,5
104,444,Sound 1,-414.99999999999994,756.3300000001618,False,True,vis,5
105,452,Sound 1,635.000000000001,,False,False,vis,5
106,454,Sound 1,735.0000000000011,,False,False,vis,5
107,465,Sound 1,585.0000000000009,,False,False,vis,5
108,469,Sound 1,585.0000000000009,,False,False,vis,5
109,470,Sound 1,585.0000000000009,,False,False,vis,5
110,471,Sound 1,695.000000000001,,False,False,vis,5
111,477,Sound 1,605.000000000001,,False,False,vis,5
112,483,Sound 1,555.0000000000009,581.2700000005862,False,True,vis,5
113,491,Sound 1,615.000000000001,,False,False,vis,5
114,492,Sound 1,555.0000000000009,,False,False,vis,5
115,496,Sound 1,535.0000000000009,,False,False,vis,5
116,507,Sound 1,565.0000000000009,,False,False,vis,5
117,510,Sound 1,745.0000000000011,,False,False,vis,5
0,7,Sound 2,535.0000000000009,346.9799999998031,False,True,aud,0
1,11,Sound 2,555.0000000000009,423.17000000002736,False,True,aud,0
2,15,Sound 2,-254.99999999999977,636.5500000001703,False,True,aud,0
3,22,Sound 2,545.0000000000009,,False,False,aud,0
4,24,Sound 2,565.0000000000009,461.11999999993714,False,True,aud,0
5,28,Sound 2,565.0000000000009,411.0399999999572,False,True,aud,0
6,36,Sound 2,545.0000000000009,406.57999999984895,False,True,aud,0
7,37,Sound 2,585.0000000000009,487.00000000008004,False,True,aud,0
8,38,Sound 2,545.0000000000009,368.6499999998887,False,True,aud,0
9,39,Sound 2,535.0000000000009,540.5799999998635,False,True,aud,0
10,53,Sound 2,575.0000000000009,431.1600000000908,False,True,aud,0
11,63,Sound 2,555.0000000000009,413.07000000006155,False,True,aud,0
12,64,Sound 2,535.0000000000009,527.3899999997411,False,True,aud,0
13,69,Sound 2,545.0000000000009,445.8300000001145,False,True,aud,0
14,71,Sound 2,525.0000000000009,,False,False,aud,0
15,74,Sound 2,555.0000000000009,466.3599999998951,False,True,aud,0
16,82,Sound 2,545.0000000000009,,False,False,vis,1
17,92,Sound 2,585.0000000000009,,False,False,vis,1
18,99,Sound 2,-294.99999999999983,,False,False,vis,1
19,102,Sound 2,665.000000000001,471.2700000000041,False,True,vis,1
20,104,Sound 2,565.0000000000009,,False,False,vis,1
21,111,Sound 2,685.000000000001,,False,False,vis,1
22,114,Sound 2,525.0000000000009,,False,False,vis,1
23,119,Sound 2,545.0000000000009,,False,False,vis,1
24,122,Sound 2,565.0000000000009,,False,False,vis,1
25,124,Sound 2,-44.9999999999996,,False,False,vis,1
26,133,Sound 2,565.0000000000009,,False,False,vis,1
27,135,Sound 2,575.0000000000009,,False,False,vis,1
28,138,Sound 2,-254.99999999999977,,False,False,vis,1
29,140,Sound 2,565.0000000000009,663.6599999997088,False,True,vis,1
30,141,Sound 2,635.000000000001,,False,False,vis,1
31,158,Sound 2,505.0000000000009,,False,False,vis,1
32,161,Sound 2,525.0000000000009,,False,False,vis,1
33,163,Sound 2,585.0000000000009,,False,False,vis,1
34,166,Sound 2,535.0000000000009,,False,False,vis,1
35,168,Sound 2,635.000000000001,,False,False,vis,1
36,174,Sound 2,575.0000000000009,,False,False,aud,2
37,185,Sound 2,565.0000000000009,502.5900000000547,False,True,aud,2
38,191,Sound 2,545.0000000000009,,False,False,aud,2
39,192,Sound 2,555.0000000000009,,False,False,aud,2
40,194,Sound 2,555.0000000000009,,False,False,aud,2
41,206,Sound 2,-485.0,,False,False,aud,2
42,211,Sound 2,565.0000000000009,333.57999999998356,False,True,aud,2
43,213,Sound 2,555.0000000000009,,False,False,aud,2
44,214,Sound 2,535.0000000000009,,False,False,aud,2
45,218,Sound 2,535.0000000000009,,False,False,aud,2
46,220,Sound 2,365.0000000000008,437.7999999996973,False,True,aud,2
47,223,Sound 2,525.0000000000009,,False,False,aud,2
48,226,Sound 2,545.0000000000009,,False,False,aud,2
49,230,Sound 2,565.0000000000009,,False,False,aud,2
50,231,Sound 2,595.000000000001,660.280000000057,False,True,aud,2
51,242,Sound 2,565.0000000000009,505.09000000056403,False,True,aud,2
52,243,Sound 2,-464.99999999999994,,False,False,aud,2
53,246,Sound 2,555.0000000000009,484.7300000001269,False,True,aud,2
54,249,Sound 2,555.0000000000009,,False,False,aud,2
55,257,Sound 2,615.000000000001,553.9499999995314,False,True,aud,2
56,266,Sound 2,555.0000000000009,,False,False,vis,3
57,269,Sound 2,515.0000000000009,,False,False,vis,3
58,270,Sound 2,585.0000000000009,,False,False,vis,3
59,282,Sound 2,515.0000000000009,,False,False,vis,3
60,285,Sound 2,545.0000000000009,,False,False,vis,3
61,289,Sound 2,-495.0,,False,False,vis,3
62,291,Sound 2,765.0000000000011,,False,False,vis,3
63,294,Sound 2,-254.99999999999977,,False,False,vis,3
64,298,Sound 2,535.0000000000009,,False,False,vis,3
65,299,Sound 2,925.0000000000013,,False,False,vis,3
66,315,Sound 2,565.0000000000009,,False,False,vis,3
67,319,Sound 2,585.0000000000009,,False,False,vis,3
68,320,Sound 2,585.0000000000009,,False,False,vis,3
69,322,Sound 2,535.0000000000009,,False,False,vis,3
70,326,Sound 2,575.0000000000009,,False,False,vis,3
71,332,Sound 2,545.0000000000009,,False,False,vis,3
72,338,Sound 2,575.0000000000009,,False,False,vis,3
73,347,Sound 2,565.0000000000009,,False,False,aud,4
74,349,Sound 2,565.0000000000009,,False,False,aud,4
75,352,Sound 2,325.00000000000074,,False,False,aud,4
76,355,Sound 2,575.0000000000009,,False,False,aud,4
77,359,Sound 2,-294.99999999999983,,False,False,aud,4
78,375,Sound 2,555.0000000000009,617.1400000002905,False,True,aud,4
79,378,Sound 2,605.000000000001,,False,False,aud,4
80,383,Sound 2,555.0000000000009,,False,False,aud,4
81,384,Sound 2,565.0000000000009,,False,False,aud,4
82,392,Sound 2,535.0000000000009,,False,False,aud,4
83,398,Sound 2,535.0000000000009,,False,False,aud,4
84,406,Sound 2,555.0000000000009,,False,False,aud,4
85,407,Sound 2,565.0000000000009,,False,False,aud,4
86,408,Sound 2,545.0000000000009,,False,False,aud,4
87,409,Sound 2,535.0000000000009,,False,False,aud,4
88,420,Sound 2,665.000000000001,,False,False,aud,4
89,423,Sound 2,545.0000000000009,,False,False,aud,4
90,425,Sound 2,545.0000000000009,,False,False,aud,4
91,435,Sound 2,565.0000000000009,,False,False,vis,5
92,436,Sound 2,525.0000000000009,,False,False,vis,5
93,441,Sound 2,605.000000000001,,False,False,vis,5
94,448,Sound 2,515.0000000000009,,False,False,vis,5
95,449,Sound 2,545.0000000000009,,False,False,vis,5
96,457,Sound 2,565.0000000000009,,False,False,vis,5
97,458,Sound 2,575.0000000000009,,False,False,vis,5
98,463,Sound 2,-84.99999999999963,,False,False,vis,5
99,466,Sound 2,695.000000000001,,False,False,vis,5
100,468,Sound 2,505.0000000000009,,False,False,vis,5
101,480,Sound 2,-495.0,,False,False,vis,5
102,484,Sound 2,425.0000000000008,,False,False,vis,5
103,487,Sound 2,555.0000000000009,,False,False,vis,5
104,488,Sound 2,-475.0,,False,False,vis,5
105,493,Sound 2,535.0000000000009,,False,False,vis,5
106,501,Sound 2,545.0000000000009,,False,False,vis,5
107,506,Sound 2,595.000000000001,,False,False,vis,5
108,508,Sound 2,-495.0,,False,False,vis,5
