id,activity_drift,amplitude,amplitude_cutoff,amplitude_cv_median,amplitude_cv_range,amplitude_median,ccf_ap,ccf_dv,ccf_ml,cluster_id,d_prime,decoder_label,decoder_probability,default_qc,device_name,drift_mad,drift_ptp,drift_std,electrode_group_name,exp_decay,firing_range,firing_rate,half_width,is_not_drift,is_qc_pass,isi_violations_count,isi_violations_ratio,isolation_distance,l_ratio,location,nn_hit_rate,nn_miss_rate,num_negative_peaks,num_positive_peaks,num_spikes,peak_channel,peak_electrode,peak_to_valley,peak_trough_ratio,presence_ratio,recovery_slope,repolarization_slope,rp_contamination,rp_violations,silhouette,sliding_rp_violation,snr,spread,structure,sync_spike_2,sync_spike_4,sync_spike_8,unit_id,velocity_above,velocity_below
1168,0.03763823529374617,97.53120422363281,0.0001526299727896,0.1988877356052398,0.1876442909240722,58.499996,8100.0,3700.0,1350.0,220,4.169598880505129,sua,0.86,True,18005120322,,,,probeC,0.0267916905695248,3.4,1.2399510964018574,0.00022,True,True,1.0,0.0283006428503805,150.0734104246924,0.0375831450361842,AUDv6a,0.5448717948717948,0.0029774127310061,1,1,9499.0,136,904,0.0003266666666666,-0.64010024,1.0,-61163.94477052249,367571.1225611051,0.0433924151205687,1.0,0.1059818042330602,0.065,5.6886477,120.0,AUDv,0.0705337403937256,0.0005263711969681,0.0,713655_2024-08-09_C-220,222.76008227747116,180.71127457739965
1169,0.02635062285160965,104.79458999633789,0.0003470106215732,0.224786102771759,0.4250116690993307,77.21999,8150.0,3650.0,1350.0,221,5.043489445680946,sua,0.76,True,18005120322,2.1559626061146653,10.10089111328125,2.7556906275377364,probeC,0.0253306990375107,11.490000000000007,9.918433957037829,0.0002833333333333,True,True,11.0,0.0048653253568749,133.9492422716171,0.0425186139466354,AUDv6a,0.696078431372549,0.0030389947415147,1,1,75983.0,141,909,0.0006566666666666,-0.375769,1.0,-40628.05374049289,240054.42375469985,0.0046550087575562,7.0,0.1251311741536367,0.01,5.4758477,120.0,AUDv,0.0676203887711725,2.6321677217272285e-05,0.0,713655_2024-08-09_C-221,93.50663431397273,
1171,0.056186963244704485,101.04584884643555,0.0003360217803753,0.1701497137546539,0.1514206025749445,65.52,8125.0,3700.0,1350.0,223,4.124557397861945,sua,0.85,True,18005120322,,,,probeC,0.0441226596403048,3.6,1.1526232425758924,0.00014,True,True,2.0,0.0655029206089436,113.67215384362244,0.3787477333652789,AUDv6a,0.3038461538461538,0.0084531143052703,1,1,8830.0,137,905,0.00031,-0.50583965,1.0,-52337.08674415575,500343.6176923063,0.1036232721822988,2.0,0.0417287305257633,0.065,6.4458694,80.0,AUDv,0.0732729331823329,0.0003397508493771,0.0,713655_2024-08-09_C-223,,
1177,0.08445377722597783,128.13836288452148,1.4568291992049797e-05,0.137049451470375,0.1608779795467853,86.579994,8150.0,3650.0,1350.0,229,6.465633830179242,sua,0.72,True,18005120322,2.468483271561269,10.624267578125,2.954627454888736,probeC,0.0427686078819969,5.090000000000001,10.022600814067903,0.0002133333333333,True,True,35.0,0.0151604674448528,158.38061820598583,0.0116779145711399,AUDv6a,0.5094017094017094,0.0019037905830358,1,1,76781.0,142,910,0.00065,-0.34942728,1.0,-59196.224315711705,326720.0647654218,0.0150572497231098,23.0,0.096131380530487,0.02,8.324099,80.0,AUDv,0.0725570128026465,0.0001953608314556,1.3024055430379912e-05,713655_2024-08-09_C-229,286.1798465377569,
1178,0.03321917049303765,80.5100212097168,0.0030871302280166,0.1724578440189361,0.114145815372467,65.52,8150.0,3650.0,1350.0,230,4.869061685100538,sua,0.8,True,18005120322,3.712446077602116,13.34423828125,3.919881811643206,probeC,0.0279628942246423,11.2,10.439137707279643,0.0002066666666666,True,True,14.0,0.0055899020383304,141.9453456480668,0.0326962241640898,AUDv6a,0.4369114877589454,0.0035970002375377,1,2,79972.0,144,912,0.0007466666666666,-0.2182149,1.0,-23125.24966096464,208649.8173243478,0.0042012517870368,7.0,0.0870836695017436,0.01,6.1711283,120.0,AUDv,0.0707372580403141,7.502625919071675e-05,0.0,713655_2024-08-09_C-230,,
1180,0.07768718267876587,333.24857330322266,0.0001114111117529,0.0811353176832199,0.0888058068230748,229.31999,8150.0,3600.0,1350.0,232,6.244447402306341,sua,0.67,True,18005120322,2.759418582128099,12.88372802734375,2.405410896523439,probeC,0.0504350839957222,6.8,3.6869584922487055,0.0001033333333333,True,True,3.0,0.0096026294967713,231.85496031141412,5.572995691380589e-06,AUDv6a,0.9510357815442562,0.0003732736095558,1,1,28245.0,145,913,0.00022,-0.491108,1.0,-175630.10920491724,2449570.715754264,0.0048128967358808,1.0,0.2523019701840578,0.015,21.138956,80.0,AUDv,0.0718003186404673,7.080899274207824e-05,0.0,713655_2024-08-09_C-232,304.51123865355964,
1183,0.03190866631777713,105.24382019042969,0.0007778355615467,0.2839201688766479,0.2173118807375431,70.2,8150.0,3600.0,1350.0,235,3.999087038705406,mua,0.53,True,18005120322,,,,probeC,0.0265375224605137,1.6,0.4729279737092251,0.0002133333333333,True,True,2.0,0.389085820097202,96.2659305768676,0.8797670920023443,AUDv6a,0.3222222222222222,0.0015614392396469,1,1,3623.0,146,914,0.0005766666666666,-0.40428454,1.0,-54906.6368435703,315918.7810745918,1.0,2.0,0.0803727326168088,,6.994011,100.0,AUDv,0.1062655258073419,0.0005520287054926,0.0,713655_2024-08-09_C-235,232.83092335720264,
1184,0.08477142090228085,57.24111366271973,0.0001907743613726,,,37.44,8175.0,3600.0,1375.0,236,3.5789032221375123,sua,0.66,True,18005120322,,,,probeC,0.0199526669195492,4.6,1.2952978976308698,0.0002766666666666,True,True,0.0,0.0,133.87277116718587,0.1053615012102352,AUDv6a,0.4777777777777778,0.0043109300746775,1,1,9923.0,147,915,0.0006133333333333,-0.50445664,1.0,-37104.69573525389,161053.19888258944,0.0,0.0,0.0767416058462072,0.04,3.6386492,140.0,AUDv,0.0795122442809634,0.0001007759750075,0.0,713655_2024-08-09_C-236,186.28839432502528,
1185,0.01876082588767587,116.37283325195312,1.7084508998944546e-05,0.1815590262413025,0.0786532633006573,70.2,8200.0,3575.0,1375.0,237,4.044467233053085,sua,0.86,True,18005120322,3.0210244486651083,13.30633544921875,3.707080627151704,probeC,0.0347974919666506,14.89,17.35070004566111,0.0001233333333333,True,True,54.0,0.0078048609582272,123.75400480990076,0.1300492522214125,AUDv6a,0.3592592592592593,0.0054650373387644,1,1,132920.0,150,918,0.0003433333333333,-0.42230487,1.0,-52789.8231689295,456529.4113981855,0.0084913172725913,39.0,0.0534236471648698,0.01,6.834829,80.0,AUDv,0.0746915437857357,0.0001429431236834,1.504664459825459e-05,713655_2024-08-09_C-237,,
1186,0.04207318613132521,74.81913566589355,0.0001054328673248,0.2599387168884277,0.2247868686914443,44.46,8150.0,3575.0,1375.0,238,3.375602888259968,sua,0.55,True,18005120322,,,,probeC,0.0224831806097351,3.2,1.4204808749389424,0.0002366666666666,True,True,4.0,0.0862570545767491,141.75829643450544,0.037630450579767,AUDv6a,0.487037037037037,0.0025458248472505,1,1,10882.0,149,917,0.0007966666666666,-0.14658181,1.0,-8343.150787373625,132468.15168087932,0.102268621912816,3.0,0.1043414885728061,0.06,4.3167334,140.0,AUDv,0.0638669362249586,0.0004594743613306,0.0,713655_2024-08-09_C-238,302.8379441955183,424.4242142429724
1188,0.020700785557469216,103.0910587310791,0.0006308910740123,0.1804974824190139,0.1270878374576568,79.56,8200.0,3575.0,1375.0,240,2.412305079289001,mua,0.7,True,18005120322,2.361220062756148,11.749267578125,1.4347610684902063,probeC,0.036014259591771,9.490000000000007,3.325376795540301,0.00019,True,True,74.0,0.2911758891817649,91.61072641406209,1.0358241430018893,AUDv6a,0.1614583333333333,0.0103656878738444,1,1,25475.0,150,918,0.00051,-0.3108895,1.0,-43740.7316599774,406100.2668717524,0.3067430702483071,44.0,0.0206963508564625,0.225,7.5565357,120.0,AUDv,0.0737978410206084,0.0001177625122669,3.925417075564279e-05,713655_2024-08-09_C-240,224.25132255669504,634.5684409228921
1189,0.030189849667954443,119.5506477355957,6.55869551000595e-05,0.1688080430030822,0.1318313688039779,86.579994,8200.0,3550.0,1375.0,241,4.182197818724068,sua,0.86,True,18005120322,2.790863037109375,14.54150390625,2.2756436272446514,probeC,0.0433905155056769,5.6,3.7511816672597305,9.666666666666668e-05,True,True,7.0,0.021645481948435,119.72677737027456,0.1187973999740202,AUDv6a,0.280163599182004,0.0016603978177628,1,1,28737.0,152,920,0.0002166666666666,-0.40906683,1.0,-65080.16401863792,1051446.6403604867,0.0140131366809563,3.0,0.0685153281716821,0.025,8.0763445,120.0,AUDv,0.0737376900859519,0.0001043950307965,3.47983435988447e-05,713655_2024-08-09_C-241,198.0107036682918,292.2529441233812
1195,0.09307581995161185,133.46887969970703,0.0013329917450484,0.4269301295280456,0.3243402764201162,112.31999,8175.0,3525.0,1375.0,248,3.1814436673117226,sua,0.77,True,18005120322,4.907241821289063,16.6192626953125,3.821594477202018,probeC,0.0268301298409262,10.4,2.614092078802358,0.0002166666666666,True,True,12.0,0.0764090672937126,90.54711672375112,1.5917083518005226,AUDv6a,0.5768463073852296,0.0017966710735957,1,1,20026.0,155,923,0.00061,-0.3605052,1.0,-60142.75833077569,373032.3276693066,0.0692561403715827,7.0,0.1038510918852384,0.09,9.410928,100.0,AUDv,0.0730050933786078,0.0001498052531708,9.987016878058524e-05,713655_2024-08-09_C-248,512.2508093939524,
1199,0.014924158409553842,57.081960678100586,2.427538734514193e-05,0.3942271769046783,0.424383620172739,35.1,8200.0,3500.0,1375.0,255,4.491969271529795,mua,0.56,True,18005120322,4.8617227488550645,29.37615966796875,3.5114313123111507,probeC,0.0234619032153803,4.199999999999999,2.484993054237516,0.0003133333333333,True,True,6.0,0.0422772087727609,117.60785380038028,0.1471435235757518,AUDv6a,0.219298245614035,0.0018616301110208,1,1,19037.0,158,926,0.00066,-0.54393715,1.0,-36890.5274798333,132499.71503248587,0.0432107951829315,4.0,0.0939117751138864,0.07,3.5505137,160.0,AUDv,0.0662919577664548,5.252928507643011e-05,0.0,713655_2024-08-09_C-255,,
1200,0.08605239319526727,302.0985641479492,0.0005247145696098,0.0866164118051529,0.1104253772646188,208.26,8200.0,3500.0,1375.0,256,6.669521302456407,sua,0.73,True,18005120322,2.2533641750529663,12.10595703125,1.8716722240064565,probeC,0.0602713509022128,5.4,3.2560627590954767,0.0001166666666666,True,True,2.0,0.0082082367818002,162.8971541723753,0.0037595776226419,AUDv6a,0.8728070175438597,0.0006769564040075,1,1,24944.0,158,926,0.00022,-0.49898452,1.0,-158242.26932484988,2078819.6023135264,0.0061752444081,1.0,0.240253649901146,0.015,19.061981,60.0,AUDv,0.0818232841565105,0.0002004490057729,0.0,713655_2024-08-09_C-256,343.12659689972406,
1201,0.022306648268494815,197.78591537475586,0.0003193360404852,0.0779013931751251,0.2892515750601885,140.4,8200.0,3500.0,1375.0,257,8.8699498602991,sua,0.69,True,18005120322,2.527949015299479,12.2847900390625,1.8113776644423347,probeC,0.0286461761418992,5.8,2.4975244054591785,0.0001833333333333,True,True,3.0,0.0209270102829503,296.8020842520175,5.664027931729465e-05,AUDv6a,0.9846491228070176,0.0005077173030056,1,1,19133.0,158,926,0.0006133333333333,-0.3290068,1.0,-95311.10365673352,624324.2340892312,0.0105188280128571,1.0,0.2413439464975508,0.02,13.730791,100.0,AUDv,0.0673705116813881,0.0001045314378299,0.0,713655_2024-08-09_C-257,,345.3513958607184
1205,0.046800782019230755,115.35261154174805,0.0010984297082433,0.1761890798807144,0.0788941532373428,70.2,8200.0,3500.0,1375.0,261,6.084518592415054,sua,0.73,True,18005120322,,,,probeC,0.029201103498573,1.0,0.2715126098027017,0.0001466666666666,True,True,0.0,0.0,141.1523971034276,0.0711730410440829,AUDv6a,0.7664670658682635,0.0013220787145326,1,1,2080.0,160,928,0.00026,-0.59401244,1.0,-68096.58387926164,650707.2029208732,0.0,0.0,0.1967660916642107,0.285,6.8923807,120.0,AUDv,0.0951923076923076,0.0,0.0,713655_2024-08-09_C-261,263.1653261188584,
1207,0.06692564469326732,81.31499099731445,0.0001008566285187,,,60.839996,8225.0,3450.0,1375.0,264,4.060848388947658,sua,0.88,True,18005120322,,,,probeC,0.0251086994985114,5.4,1.5187736610838627,0.0002033333333333,True,True,0.0,0.0,130.12357475960965,0.0815896459625437,AUDv6a,0.496415770609319,0.0071666327015827,1,2,11635.0,163,931,0.0007033333333333,-0.26634535,1.0,-25335.816385223134,223250.82489477564,0.0,0.0,0.0726906604733325,0.015,5.7453017,140.0,AUDv,0.0727116458960034,8.594757198109153e-05,0.0,713655_2024-08-09_C-264,394.98397452633566,
1211,0.04806091897035858,56.45484161376953,0.0001260708895553,0.3562077581882477,0.1523370191454887,35.1,8200.0,3450.0,1375.0,268,3.3934154169701256,mua,0.61,True,18005120322,,,,probeC,0.0193555496627936,3.4,0.9269283856773964,0.0002333333333333,True,True,9.0,0.4557803107281759,89.5179709193983,1.3444056782915448,AUDv6a,0.155688622754491,0.003661141055629,1,1,7101.0,166,934,0.00046,-0.5405309,1.0,-34448.3118317605,177149.79801488965,0.2622875294046981,3.0,0.0279868189260861,,2.6423137,140.0,AUDv,0.0754823264328967,0.0,0.0,713655_2024-08-09_C-268,287.7085962220562,282.15657373974256
1213,0.0559475326401535,78.53511428833008,1.0628917590517868e-05,0.2595760226249695,0.1122620992362499,44.46,8225.0,3425.0,1375.0,270,4.258700112784807,sua,0.86,True,18005120322,3.7923401359498032,17.97705078125,4.742573054975884,probeC,0.0232751917224655,16.799999999999997,12.324322856688596,0.00016,True,True,45.0,0.0128911539400539,101.46612962024972,0.6260553875396532,AUDv6a,0.4541910331384015,0.001288703496456,1,1,94414.0,169,937,0.0002433333333333,-0.6808088,1.0,-53807.29433882648,387828.6059627589,0.0147182884731844,34.0,0.1322763595917734,0.015,4.458829,140.0,AUDv,0.0762175101150253,6.354989726099942e-05,0.0,713655_2024-08-09_C-270,,
1216,0.011074087034947893,79.20431900024414,5.494839746013215e-05,0.2043318450450897,0.1001459062099456,56.159996,8225.0,3400.0,1375.0,273,3.1935680296803017,sua,0.64,True,18005120322,2.901869201660156,12.60064697265625,1.965423742251326,probeC,0.020903275479107,6.4,3.0451183468641467,0.0002266666666666,True,True,5.0,0.0234621100245213,122.42233177237884,0.1355665434615523,AUDv6a,0.4,0.0047885888945491,1,1,23328.0,171,939,0.0005766666666666,-0.39928362,1.0,-41385.80894855785,249341.25460000863,0.0070635800891946,1.0,0.0984911426777083,0.025,5.417501,160.0,AUDv,0.0676440329218107,4.286694101508916e-05,0.0,713655_2024-08-09_C-273,,
1219,0.04942976604753407,54.14763069152832,0.0001128210382759,0.3413682579994201,0.1833263933658599,35.1,8250.0,3350.0,1400.0,276,2.8188058045385334,mua,0.51,True,18005120322,3.234061388465447,14.4818115234375,1.8949579850570848,probeC,0.0206116039425618,5.1800000000000095,2.984158544567098,0.00019,True,True,16.0,0.0781774699609959,88.94537904235719,1.6512553470904765,AUDv6a,0.3837837837837838,0.0031584309730005,1,1,22861.0,175,943,0.00037,-0.46746743,1.0,-28264.91303736996,216735.82198109408,0.0682942956915958,9.0,0.0910888457442913,0.1,3.5532136,140.0,AUDv,0.0696382485455579,8.748523686627881e-05,0.0,713655_2024-08-09_C-276,,349.4189746078881
1221,0.07666411429414045,94.44231605529785,0.0002131589263055,0.1908085346221923,0.1302153050899506,70.2,8250.0,3350.0,1400.0,279,4.444051589307934,sua,0.83,True,18005120322,,,,probeC,0.0285690962710876,3.0,1.1959608322174775,0.0002266666666666,True,True,0.0,0.0,139.25053231225476,0.1529004777950704,AUDv6a,0.4323809523809523,0.0097370653095843,1,1,9162.0,177,945,0.00081,-0.376708,1.0,-49531.209014797634,240988.251985698,0.0,0.0,0.0320156082889616,0.055,6.5677247,100.0,AUDv,0.0672342283344248,0.0001091464745688,0.0,713655_2024-08-09_C-279,,414.1777712477438
1225,0.05058721685681734,49.08387279510498,5.710553706742059e-06,0.3384111523628235,0.1483916223049163,35.1,8250.0,3350.0,1400.0,283,5.344230317039354,sua,0.59,True,18005120322,3.724077840489665,14.8182373046875,3.942660047782742,probeC,0.0302820336247409,9.6,15.779581886245094,0.0003466666666666,True,True,21.0,0.0036697267392378,141.40568898323534,0.0151457366311442,AUDv6a,0.7171171171171171,0.0026150449991509,1,2,120884.0,175,943,0.0007533333333333,-0.33989933,1.0,-17915.33425454717,146522.6220191886,0.0039396103425805,15.0,0.1314704096605232,0.005,3.5212882,100.0,AUDv,0.0673786439892789,7.445154031964528e-05,0.0,713655_2024-08-09_C-283,,174.3899262411164
1229,0.03448399528821245,134.57808685302734,0.0001065521256416,0.1484812647104263,0.2391028225421904,100.619995,8250.0,3325.0,1400.0,287,5.354171509177664,sua,0.8,True,18005120322,2.85821533203125,11.40216064453125,1.4400248688926116,probeC,0.0307875276993709,8.290000000000008,2.342579468999656,0.00021,True,True,2.0,0.015857939069343,147.14729829982218,0.0098814313143074,AUDv6a,0.9001782531194296,0.0014266788953429,1,2,17946.0,178,946,0.0007,-0.24375798,1.0,-41579.35693960118,382764.9015266652,0.0240767536368595,2.0,0.2093551688483194,0.03,9.954122,60.0,AUDv,0.0695976819346929,0.0002786136186336,0.0,713655_2024-08-09_C-287,,
1230,0.015800262801546155,178.55119705200195,0.0007385453639201,0.1103510111570358,0.1846702471375464,138.06,8250.0,3325.0,1400.0,288,6.117335354503376,sua,0.67,True,18005120322,,,,probeC,0.0373319179914695,4.8,0.9483361106810712,0.00016,True,True,7.0,0.3386716773816961,183.61847599296692,0.0018721484928081,AUDv6a,0.9001782531194296,0.0008492136281803,1,1,7265.0,178,946,0.0006233333333333,-0.27134433,0.9921259842519684,-71320.67593099434,658273.8342146637,0.4762873144182752,5.0,0.1513661393206308,,13.412439,100.0,AUDv,0.1189263592567102,0.0,0.0,713655_2024-08-09_C-288,,
1231,0.040113612036764106,230.60690307617188,0.0012791936108097,0.1000579595565795,0.065137855708599,138.06,8250.0,3325.0,1400.0,289,7.596071791167146,sua,0.69,True,18005120322,,,,probeC,0.0349236389446694,1.0,0.2529766527873249,0.0001666666666666,True,True,0.0,0.0,179.36607244228574,0.0151991140119794,AUDv6a,0.8787878787878788,0.0014266788953429,1,1,1938.0,178,946,0.0006433333333333,-0.33595178,1.0,-85037.2414563806,477579.6130964731,0.0,0.0,0.1863166471808772,,13.200654,80.0,AUDv,0.1047471620227038,0.0,0.0,713655_2024-08-09_C-289,-580.3878848438628,
1232,0.07282414888603911,96.93207168579102,0.0016746997761655,0.1637976169586181,0.1199172660708427,72.54,8250.0,3300.0,1400.0,292,3.786414353729541,sua,0.85,True,18005120322,,,,probeC,0.0188760201791612,2.2,0.7251214170451962,0.0001933333333333,True,True,0.0,0.0,113.99753376801624,0.2473593192992487,AUDv6a,0.6023391812865497,0.0069183029809746,1,1,5555.0,181,949,0.0005866666666666,-0.35398236,1.0,-45968.42651032221,294189.87155573134,0.0,0.0,0.0920863862878784,0.08,6.867197,140.0,AUDv,0.0801080108010801,0.0003600360036003,0.0,713655_2024-08-09_C-292,,
1237,0.020040784754505433,180.8821029663086,0.0002077883078671,0.1010688096284866,0.0470220699906348,112.31999,8250.0,3250.0,1400.0,298,4.51502667462786,sua,0.8,True,18005120322,,,,probeC,0.05466099827092,0.6,0.1638213102415339,0.0001433333333333,True,True,0.0,0.0,168.65096368693688,0.0564612250800574,AUDp6a,0.7010869565217391,0.0048899755501222,1,1,1255.0,182,950,0.00067,-0.23717672,0.9921259842519684,-51556.35849010556,605386.330503766,0.0,0.0,0.1319666190966238,,10.639413,80.0,AUDp,0.0597609561752988,0.0,0.0,713655_2024-08-09_C-298,,
1238,0.047820379747625,72.43235206604004,9.501705624539613e-06,0.2621889412403106,0.1232559189200401,44.46,8250.0,3250.0,1400.0,299,3.5064745502460952,sua,0.76,True,18005120322,3.2035738727239176,14.2210693359375,3.783711947698274,probeC,0.025172932034062,11.8,11.094161878428665,0.00021,True,True,141.0,0.0498465987866127,97.61997183868108,0.5586240987526183,AUDp6a,0.483695652173913,0.005603096984515,1,1,84990.0,183,951,0.0003066666666666,-0.6347606,1.0,-45838.20750390798,327906.2830494523,0.0450272110291806,83.0,0.0971206561759512,0.045,4.2591767,120.0,AUDp,0.0752206141899047,9.412872102600304e-05,0.0,713655_2024-08-09_C-299,,
1239,0.05148315785953203,123.77196884155273,0.004620306247108,0.2050469666719436,0.10021578297019,93.6,8250.0,3225.0,1400.0,300,2.902458653865786,sua,0.83,True,18005120322,,,,probeC,0.0339557540105331,1.0,0.2010237591808464,0.0002066666666666,True,True,0.0,0.0,75.67061241386577,2.4851254175878585,AUDp6a,0.2255892255892256,0.0063592464122968,1,1,1540.0,185,953,0.0005966666666666,-0.33251762,1.0,-57983.37622427538,446707.4903939384,0.0,0.0,0.0380857112972892,,8.92575,80.0,AUDp,0.0681818181818181,0.0,0.0,713655_2024-08-09_C-300,,
1240,0.07509512505132394,207.74050903320312,2.665974278327057e-05,,,124.02,8250.0,3225.0,1400.0,302,6.270331105908998,sua,0.83,True,18005120322,3.29083251953125,12.5889892578125,1.859193981884415,probeC,0.0351864058440245,6.8,4.295251166133606,0.0002233333333333,True,True,1.0,0.0023584587554081,147.5415398300669,0.1832224899777846,AUDp6a,0.6296296296296297,0.0010542066244984,1,1,32905.0,185,953,0.0008233333333333,-0.30197084,1.0,-70720.3901302039,331663.820339211,0.0035439679876609,1.0,0.0681567106708963,0.005,12.075178,100.0,AUDp,0.0656131287038444,9.11715544750038e-05,0.0,713655_2024-08-09_C-302,,
1244,0.059658357945255015,69.92853164672852,0.0059838083782757,,,49.14,8275.0,3225.0,1400.0,306,5.124111312191352,sua,0.69,True,18005120322,3.277464548746745,17.50640869140625,3.4027709454601114,probeC,0.020876734186562,14.0,4.267186160793423,0.0001833333333333,True,True,11.0,0.0262854199541515,125.93752560333265,0.0384719579003311,AUDp6a,0.7351190476190477,0.0041598472449536,1,1,32690.0,188,956,0.00082,-0.3073343,1.0,-27290.979379319266,137244.46527779647,0.0402376647640597,11.0,0.1305682571803239,0.04,5.1180253,140.0,AUDp,0.0694096053839094,9.177118384827163e-05,0.0,713655_2024-08-09_C-306,,169.14463307437117
1246,0.06015148164170498,148.27648162841797,0.0001513351753247,0.1631268262863159,0.0921911261975765,88.92,8275.0,3225.0,1400.0,308,4.803095114451786,sua,0.72,True,18005120322,,,,probeC,0.030846774166109,3.4,1.6741102022690622,0.0002033333333333,True,True,29.0,0.4502309294281114,82.36477666922896,1.5764235151922128,AUDp6a,0.3184523809523809,0.0017389525368248,1,1,12825.0,189,957,0.0002333333333333,-0.6512154,1.0,-92062.76549092378,799748.6925989938,0.2079172436625828,8.0,0.0408646081982694,0.245,8.586709,100.0,AUDp,0.0999610136452241,0.0003898635477582,0.0,713655_2024-08-09_C-308,,591.2301198602639
1248,0.04649944183047416,131.63445663452148,4.093510269753181e-05,0.1404963731765747,0.0787791304290295,81.899994,8275.0,3225.0,1400.0,310,3.7196113453028152,sua,0.85,True,18005120322,3.0728413739542324,12.07220458984375,3.2942564270262715,probeC,0.0366260880005721,20.29000000000001,16.860933068747777,0.0002166666666666,True,True,81.0,0.0123973032501915,115.26398565894816,0.1515078828821614,AUDp6a,0.4449404761904761,0.0125477359519912,1,1,129168.0,189,957,0.0003266666666666,-0.60677904,1.0,-80224.08487991431,423988.404787392,0.0110812218501272,48.0,0.0623410490744306,0.01,7.855565,120.0,AUDp,0.0730444072835377,0.0001083859779511,0.0,713655_2024-08-09_C-310,228.2074068949044,
1252,0.026015110687574523,155.37606048583984,6.33149839204095e-05,,,121.67999,8300.0,3175.0,1400.0,316,7.068383720820118,sua,0.9,True,18005120322,2.76177978515625,13.5098876953125,2.137897055869574,probeC,0.0356991130581426,9.2,2.448443279840998,0.0002133333333333,True,True,2.0,0.0145162792734142,208.0553590413473,0.015511099608329,AUDp6a,0.8789625360230547,0.0045581684450429,1,1,18757.0,194,962,0.0006066666666666,-0.31016108,1.0,-59542.71852273655,531873.4665510495,0.0109471292747396,1.0,0.0961842213443816,0.035,11.394836,100.0,AUDp,0.0707469211494375,5.331342965292957e-05,0.0,713655_2024-08-09_C-316,,
1255,0.022689003288760206,179.28598022460938,5.453801099873674e-05,,,119.34,8300.0,3100.0,1400.0,319,9.354778652780128,sua,0.73,True,18005120322,2.600616455078125,13.722412109375,1.8071524466575253,probeC,0.0343368371325604,9.4,3.903776975365191,0.0001366666666666,True,True,2.0,0.0057103853143052,274.51643226741174,2.957474641295743e-05,AUDp6a,0.9687162891046386,0.0012382623052316,1,1,29906.0,200,968,0.0003033333333333,-0.48633978,1.0,-104201.55053149362,1015478.752346021,0.0,0.0,0.2885888333990679,0.01,11.500487,100.0,AUDp,0.0776098441784257,0.000200628636394,0.0,713655_2024-08-09_C-319,,
1261,0.025334374628285465,76.89711952209473,0.0006104737957849,0.2645169496536255,0.2578630708158016,56.159996,8300.0,3075.0,1400.0,325,2.742483004652432,mua,0.61,True,18005120322,,,,probeC,0.0264067090710234,3.8,0.8228920635558805,0.0002433333333333,True,True,4.0,0.2570275392520635,83.84872688096826,1.987966756364786,AUDp6a,0.2286079182630906,0.0029777184515864,1,2,6304.0,205,973,0.0006966666666666,-0.33044785,1.0,-31857.823198651266,197139.76952891125,0.3506248875396771,3.0,0.0647960009896057,,5.552402,160.0,AUDp,0.0921637055837563,0.0,0.0,713655_2024-08-09_C-325,332.96948619315253,
1268,0.042253855067693705,256.98332595825195,0.0002797868693367,0.0675298050045967,0.0776302646845579,198.9,8350.0,3000.0,1400.0,333,7.951477200283307,sua,0.77,True,18005120322,5.628079632135827,18.800048828125,5.982514569464914,probeC,0.0326096091797852,4.6,6.50089951605488,0.00015,True,True,0.0,0.0,330.0675613108546,0.0018151318871681,AUDp6a,0.9627976190476192,0.001943535188216,1,1,49802.0,211,979,0.0005933333333333,-0.2725358,1.0,-97113.44973308644,952617.7855333688,0.0,0.0,0.2013338696431101,0.005,19.346151,100.0,AUDp,0.0785109031765792,0.0002007951487892,0.0,713655_2024-08-09_C-333,500.3563079751764,
1270,0.055692336501292676,97.55460739135742,1.970737881203645e-06,0.1978949457406997,0.0913926139473915,58.499996,8350.0,3000.0,1400.0,335,4.531059071043857,sua,0.73,True,18005120322,4.58880951648622,16.623779296875,4.935532011812082,probeC,0.0400119632907175,17.6,22.529933612556206,0.00025,True,True,61.0,0.005228961275193,127.64514801981682,0.0845268761341869,AUDp6a,0.4096573208722741,0.0030996661897949,1,1,172597.0,213,981,0.0003466666666666,-0.63333476,1.0,-56167.28122147903,345228.40140396333,0.0051565355278756,40.0,0.1051323419588453,0.005,5.730913,120.0,AUDp,0.0723766925265213,0.0001506399300103,0.0,713655_2024-08-09_C-335,,
1271,0.08042643084329903,65.28137397766113,0.0013037234301477,0.3675406873226166,0.4048021793365478,44.46,8350.0,3000.0,1400.0,337,2.397342510389074,mua,0.5800000000000001,True,18005120322,,,,probeC,0.0148999575531239,2.2,0.8452135329194681,0.0002166666666666,True,True,0.0,0.0,106.86931303440367,0.5402624510348732,AUDp6a,0.1915887850467289,0.0062333946454118,1,1,6475.0,214,982,0.0005766666666666,-0.39740592,1.0,-29145.19850596117,196214.6448250074,0.0,0.0,0.0459050101610628,0.095,4.2834597,160.0,AUDp,0.0807722007722007,0.0007722007722007,0.0,713655_2024-08-09_C-337,,-2158.125142620969
1273,0.09291218336062844,144.49041175842285,4.630884967146604e-05,0.150899738073349,0.080214824154973,119.34,8350.0,3000.0,1400.0,340,4.499228848161715,sua,0.78,True,18005120322,3.0819831908218505,13.181884765625,3.618786603829223,probeC,0.0424975711292152,24.89000000000001,46.81086248852272,9e-05,True,True,448.0,0.008895905123528,105.0632952722016,0.5243695577695076,AUDp6a,0.2803738317757009,0.003065603923973,0,1,358608.0,212,980,0.0002633333333333,-0.21529737,1.0,-29218.674061782967,862137.9413739686,0.0128002880432895,427.0,0.0853635403250553,0.01,11.380449,120.0,AUDp,0.0732694195333065,0.0001617364922143,5.577120421184135e-06,713655_2024-08-09_C-340,,895.1651783139897
1275,0.08942389978109745,91.47063446044922,0.0003153662567701,0.3543652892112732,0.28855961561203,49.14,8350.0,3000.0,1400.0,343,3.314327861466853,mua,0.5800000000000001,True,18005120322,,,,probeC,0.0312525118174826,2.2,0.8916839603664689,0.00029,True,True,1.0,0.0547247146022125,84.38623751282437,1.924888518729772,AUDp6a,0.4517133956386293,0.0018053000885618,1,2,6831.0,213,981,0.0006433333333333,-0.3515596,1.0,-30063.220544475917,141290.1586334431,0.0,0.0,0.1051099213610404,0.19,4.9934764,100.0,AUDp,0.1207729468599033,0.0004391743522178,0.0,713655_2024-08-09_C-343,,
1276,0.06318852312615393,87.19312286376953,5.758109979025367e-05,0.2702890336513519,2.2946116194128963,44.46,8350.0,3000.0,1400.0,344,3.0370687368665545,mua,0.69,True,18005120322,3.3648150408709494,17.501220703125,2.953891989345202,probeC,0.0298475586256618,8.2,3.1295744327018142,0.00023,True,True,40.0,0.1777030310872284,95.1577229767621,0.9885155242476704,AUDp6a,0.3577586206896552,0.0053917553917553,1,1,23975.0,214,982,0.0006333333333333,-0.38583767,1.0,-39181.91307219223,231265.97902538284,0.1514024946786519,21.0,0.0555914845819457,0.165,6.0447817,100.0,AUDp,0.1033576642335766,0.0002919708029197,0.0,713655_2024-08-09_C-344,,137.62540713887847
1278,0.013302841627069415,158.11843872070312,2.7727576781243725e-05,0.1127475500106811,0.1010857880115508,128.7,8350.0,2950.0,1400.0,346,7.105368547448999,sua,0.95,True,18005120322,,,,probeC,0.0337388624088216,6.2,1.7603937768265554,0.0001666666666666,True,True,2.0,0.0280812063580442,185.93505964554157,0.0145948761206826,AUDp5,0.7655367231638418,0.0019459238017206,1,1,13486.0,218,986,0.0006333333333333,-0.26137778,1.0,-55875.7318329214,535727.7370987084,0.0430483915443439,2.0,0.1363333374007683,0.045,12.044134,100.0,AUDp,0.0731870087498146,0.0,0.0,713655_2024-08-09_C-346,207.59980721501304,
1280,0.042890186451154076,99.88049507141113,0.000191137748624,0.1816788017749786,0.1185243904590606,70.2,8350.0,2950.0,1400.0,348,4.903378729276234,sua,0.69,True,18005120322,5.963746078371063,20.10693359375,6.148226568142989,probeC,0.0310212958159328,8.690000000000008,6.757400611373297,0.0001933333333333,True,True,51.0,0.0485977605808323,136.6586739244854,0.0284432190651225,AUDp5,0.6147186147186147,0.0010918893097212,1,1,51767.0,217,985,0.00044,-0.42519328,1.0,-48772.67406189144,351432.5830300099,0.0665339486351215,45.0,0.1272253035657855,0.045,6.688684,160.0,AUDp,0.0752023489868062,0.0001545386056754,0.0,713655_2024-08-09_C-348,232.34361157047988,264.5754016209264
1282,0.05189853743132547,43.51932430267334,0.0001016069663586,,,28.079998,8375.0,2950.0,1400.0,351,2.8318042049234124,mua,0.5900000000000001,True,18005120322,5.744684654896654,20.4862060546875,5.76973697027732,probeC,0.0183431966629648,10.0,5.161219749513953,0.0003433333333333,True,True,7.0,0.0114340148965233,104.78682992875716,0.4946802857983302,AUDp5,0.2597402597402597,0.0121472685706486,1,1,39539.0,220,988,0.00065,-0.48954836,1.0,-22567.176609959475,102171.50582636431,0.0049123577277325,2.0,0.0541275034589569,0.015,2.8000317,160.0,AUDp,0.0673006398745542,5.058296871443385e-05,0.0,713655_2024-08-09_C-351,121.05085421094286,
1283,0.09964001874158047,310.0129699707031,7.202724746300817e-05,0.0741344988346099,0.0364882243797183,205.92,8375.0,2950.0,1400.0,352,12.645202337097873,sua,0.79,True,18005120322,3.6060017330545775,21.292724609375,2.729281043753921,probeC,0.0369153060729883,5.0,1.9077676885896564,0.0001233333333333,True,True,0.0,0.0,327.87724774286306,0.0063289120105557,AUDp5,0.9466089466089466,0.0010918893097212,1,1,14615.0,220,988,0.0002366666666666,-0.48969385,1.0,-152817.40093983657,2042787.9705749657,0.0,0.0,0.2563101507618351,0.015,19.960423,80.0,AUDp,0.1074923024290113,0.0005473828258638,0.0,713655_2024-08-09_C-352,383.6422581430912,
1285,0.08288868207989475,65.6323070526123,2.848474492376608e-05,0.2839764654636383,0.1336369141936302,39.78,8375.0,2925.0,1400.0,354,3.7811326973547854,sua,0.77,True,18005120322,6.27047897699311,22.77001953125,6.768703213094301,probeC,0.0223302249169376,9.4,5.686753291372452,0.00021,True,True,8.0,0.0107638249488284,103.47782488093615,0.5335942924040888,AUDp5,0.4372294372294372,0.0046064080253864,1,1,43565.0,221,989,0.00029,-0.6655021,1.0,-44899.94261034637,257173.047456115,0.0101425212582638,5.0,0.0812799310343009,0.015,3.7888336,160.0,AUDp,0.0712728107425685,0.0001606794445082,0.0,713655_2024-08-09_C-354,,297.6737680384442
1286,0.054788602440308684,55.38315200805664,0.0001202382503055,0.3241123557090759,0.1116499602794647,39.78,8375.0,2925.0,1400.0,355,3.137672640777189,mua,0.79,True,18005120322,,,,probeC,0.0178583089263734,1.6,0.6153415589470845,0.0002766666666666,True,True,4.0,0.4596559762016236,86.64224487414359,1.7970496446455806,AUDp5,0.2395382395382395,0.0092810591326304,1,2,4714.0,221,989,0.00063,-0.38333884,1.0,-26958.71202752932,144003.8380468475,1.0,3.0,0.0324806621965869,,3.8499894,160.0,AUDp,0.0791260076368264,0.0004242681374628,0.0,713655_2024-08-09_C-355,335.2015809581779,
1289,0.06223340488666964,108.62274551391602,0.0025634804577283,0.2122839391231537,0.1253354847431183,74.88,8375.0,2900.0,1400.0,358,5.162702223434817,sua,0.57,True,18005120322,,,,probeC,0.0238437353831493,0.6,0.1283158151134883,0.0002266666666666,True,True,0.0,0.0,106.9321057323861,0.428149735118714,AUDp5,0.541038525963149,0.003026902016801,1,1,983.0,224,992,0.00058,-0.4357326,0.9763779527559056,-69102.51028436206,314784.483259044,0.0,0.0,0.0552546027119537,,5.449536,100.0,AUDp,0.1027466937945066,0.0,0.0,713655_2024-08-09_C-358,,
1290,0.08600188008385012,55.39718246459961,1.148698930075242e-05,0.3529298305511474,0.152221068739891,32.76,8375.0,2900.0,1400.0,359,2.986955128233811,mua,0.6,True,18005120322,6.834550512118602,24.3326416015625,7.110434781365583,probeC,0.029705384228771,8.799999999999999,5.902396960311905,0.0002666666666666,True,True,33.0,0.0412156853626955,85.38037337841074,1.8764670305523892,AUDp5,0.2173333333333333,0.0033846153846153,1,1,45217.0,225,993,0.00046,-0.6240964,1.0,-35871.36333082736,134521.87474494198,0.0265814501588994,14.0,0.0648730068644053,0.02,3.2811697,160.0,AUDp,0.0782227923126257,0.0001548090320012,0.0,713655_2024-08-09_C-359,,192.927146273404
1292,0.07027375212110339,313.4946060180664,2.0746142563942498e-05,,,236.34,8375.0,2875.0,1425.0,361,6.941512649123503,sua,0.54,True,18005120322,5.993118722098215,20.303466796875,3.827197415642914,probeC,0.0579133309236731,14.6,5.335222782623089,0.0001766666666666,True,True,109.0,0.166619871268409,144.68461937189485,0.0215201712860308,AUDp5,0.8961474036850922,0.0006461925653844,1,1,40872.0,226,994,0.00056,-0.38046873,1.0,-154097.37588703717,990760.203688746,0.1843826664476811,73.0,0.1903746319677715,0.17,16.265661,80.0,AUDp,0.0676746917204932,4.893325504012527e-05,0.0,713655_2024-08-09_C-361,,
1293,0.023572280765217248,78.84396553039551,2.4247026664791404e-05,0.3006269931793213,0.1860522031784057,53.82,8375.0,2875.0,1425.0,362,2.542531398837,mua,0.56,True,18005120322,4.505699818528544,14.4818115234375,4.503508310384014,probeC,0.0169317143766275,7.49,7.709000094768344,0.0002066666666666,True,True,94.0,0.0688235651899174,84.6937994867568,1.983589562647456,AUDp5,0.1574539363484087,0.0080944121348161,1,1,59057.0,226,994,0.0006166666666666,-0.4111034,1.0,-42675.22215388334,232732.4781379081,0.0166116999987773,15.0,0.05535754062838,0.02,4.0010734,160.0,AUDp,0.0659362988299439,0.0003047902873495,1.6932793741639432e-05,713655_2024-08-09_C-362,,
1294,0.05976211042037855,112.42757606506348,5.180831589484993e-05,0.2031528800725937,0.158087259531021,84.24,8375.0,2875.0,1425.0,363,4.914791924344067,sua,0.82,True,18005120322,,,,probeC,0.0194996350961743,1.6,0.652021868252161,0.00019,True,True,0.0,0.0,115.71070298541676,0.208962343278717,AUDp5,0.5611390284757118,0.0035030439070843,1,1,4995.0,226,994,0.0006233333333333,-0.33846903,1.0,-50372.61274827866,319787.96892027406,0.0,0.0,0.0842377760120735,0.205,6.0616345,120.0,AUDp,0.0856856856856856,0.0,0.0,713655_2024-08-09_C-363,,124.13544167980773
1295,0.0,125.57378196716309,0.000109993820143,0.1961625963449478,0.2037843964993953,100.619995,8375.0,2875.0,1425.0,364,5.527005333237424,sua,0.83,True,18005120322,5.373327783791416,18.9129638671875,2.7115247110999112,probeC,0.0346690561114294,7.290000000000009,2.15447866576615,0.0001366666666666,True,True,3.0,0.028121745487423,103.31053048671178,0.523592214065676,AUDp5,0.4321608040201005,0.0021086283712546,1,1,16505.0,226,994,0.0007366666666666,-0.22180794,1.0,-43179.17446090528,380225.2023649066,0.043111937822542,3.0,0.0790081400995412,0.035,7.389037,60.0,AUDp,0.0695546803998788,0.0001817631020902,0.0,713655_2024-08-09_C-364,,
1303,0.054210286155170574,76.10610961914062,0.0010312848070612,0.4132648110389709,0.2449695989489553,53.82,8400.0,2850.0,1425.0,377,1.5062245474410918,mua,0.63,True,18005120322,,,,probeC,0.0223769143995225,1.0,0.2644637247405161,0.0002,True,True,0.0,0.0,67.48930338580378,6.305034230904571,AUDp5,0.2338858195211786,0.0043453169026037,1,1,2026.0,233,1001,0.00062,-0.36556023,0.9921259842519684,-44565.10155958192,250485.61376518052,0.0,0.0,0.0282674215923873,,5.3329606,140.0,AUDp,0.0903257650542941,0.0014807502467917,0.0,713655_2024-08-09_C-377,,
1304,0.04152694469248296,184.09716033935547,0.0001198011089042,0.1005008667707443,0.0927727874368429,147.42,8400.0,2850.0,1425.0,378,5.959355436092478,sua,0.84,True,18005120322,5.3028564453125,23.05078125,3.533835040211338,probeC,0.0332591904686054,6.2,2.064931718494682,0.0001833333333333,True,True,1.0,0.0102045538989282,173.66154465810914,0.014128271789081,AUDp5,0.7753222836095764,0.0008486947075398,1,1,15819.0,233,1001,0.00065,-0.29385883,1.0,-76949.01386169587,573713.0104449941,0.0154258086344051,1.0,0.1156996202521284,0.02,13.625143,100.0,AUDp,0.0764270813578608,0.0001264302421139,0.0,713655_2024-08-09_C-378,,134.71613347753498
1309,0.00897327553055416,154.79097747802734,0.0035931131629543,0.1287801414728164,0.0764292269945144,114.659996,8450.0,2775.0,1425.0,383,5.972585848033883,sua,0.68,True,18005120322,,,,probeC,0.0276704621843163,0.4,0.1040363221215159,0.0002,True,True,0.0,0.0,176.60216810768233,0.0022515213252331,AUDp5,0.6762452107279694,0.002985277155845,1,1,797.0,239,1007,0.00058,-0.36529967,0.984251968503937,-76903.79711856986,544735.6767039025,0.0,0.0,0.0846425054910591,,10.900651,100.0,AUDp,0.0777917189460476,0.0,0.0,713655_2024-08-09_C-383,,
1311,0.06038597843638055,86.72037315368652,5.306612755227682e-05,0.198579654097557,0.2031356364488599,65.52,8425.0,2800.0,1425.0,385,3.078738907474948,sua,0.54,True,18005120322,5.304438709077381,19.399658203125,2.8717524102247896,probeC,0.0279680335006249,6.2,3.0902834252255578,0.0001866666666666,True,True,33.0,0.1503566806104224,105.7841565532551,0.4162878804695156,AUDp5,0.3262411347517731,0.0039067808126104,1,1,23674.0,237,1005,0.0005466666666666,-0.31862146,1.0,-37585.63064766483,355814.4660469162,0.0931892473637217,13.0,0.0857317605812472,0.11,6.2790484,100.0,AUDp,0.0772577511193714,0.0003379234603362,4.224043254202923e-05,713655_2024-08-09_C-385,419.2522981283906,
1313,0.05450768572647176,261.7945022583008,0.0001647415187732,0.0813608467578888,0.0610130593180655,194.21999,8450.0,2775.0,1425.0,387,5.952559757406115,sua,0.78,True,18005120322,,,,probeC,0.0364600875227668,2.8,0.8986023105200954,0.0001233333333333,True,True,0.0,0.0,226.38746325625024,0.0001507901117858,AUDp5,0.9348230912476724,0.000407290499949,1,1,6884.0,240,1008,0.00026,-0.45174828,1.0,-129868.40541064888,1699792.150609634,0.0,0.0,0.225689683593327,0.035,17.324497,120.0,AUDp,0.0859965136548518,0.0002905287623474,0.0,713655_2024-08-09_C-387,,267.18645482278026
1314,0.08300624268279991,220.29218673706055,1.923114614964237e-05,,,168.48,8450.0,2775.0,1425.0,388,5.642025725616429,sua,0.87,True,18005120322,6.3177490234375,25.286376953125,4.526382327727989,probeC,0.0315626409384575,12.4,5.470587482798762,0.0001933333333333,True,True,2.0,0.0029078197056927,155.0300354194561,0.0381061579493155,AUDp5,0.7374301675977654,0.0028849743746393,1,1,41909.0,240,1008,0.00062,-0.35679686,1.0,-103947.23167219416,630998.4773844741,0.0021832480653268,1.0,0.1581180815888331,0.005,15.519101,100.0,AUDp,0.0765945262354148,9.544489250518982e-05,0.0,713655_2024-08-09_C-388,,
1315,0.06433233712248679,139.0474090576172,1.2380332904539723e-05,0.151190772652626,0.0986410815268754,98.28,8450.0,2750.0,1425.0,389,4.199349511784633,sua,0.92,True,18005120322,7.354369148375496,24.13232421875,4.503025203717361,probeC,0.0333471738849157,9.2,5.510792234634931,0.0001233333333333,True,True,14.0,0.0200588197003446,106.84154410453291,0.3929504177094174,AUDp5,0.4712643678160919,0.0020354162426216,1,1,42217.0,242,1010,0.0002133333333333,-0.4398684,1.0,-71685.15503122732,954862.3009034026,0.0173436755700056,8.0,0.069692806566559,0.025,9.167211,100.0,AUDp,0.0770305800980647,0.0001421228415093,0.0,713655_2024-08-09_C-389,198.6369981568316,
1316,0.08122846509272458,76.2793197631836,6.577732264229147e-05,0.3295521736145019,0.5880975276231766,49.14,8425.0,2800.0,1425.0,390,2.629486853692033,mua,0.64,True,18005120322,3.9627685546875,25.0762939453125,3.4863641121793085,probeC,0.015665298863108,2.8,1.8351902794308572,0.0002233333333333,True,True,10.0,0.1291942586369933,87.76611291648585,1.5972921714007169,AUDp5,0.1800766283524904,0.0035619784245878,1,1,14059.0,238,1006,0.0005833333333333,-0.3839401,1.0,-39298.60399218754,248344.00353352132,0.0395399827073466,2.0,0.0501750355660871,0.085,4.980434,160.0,AUDp,0.0667188277971406,0.0012803186570879,0.0002133864428479,713655_2024-08-09_C-390,,
1317,0.03568366696545323,74.64602470397949,0.0005434905649689,0.2612395882606506,0.3659938134253024,51.48,8450.0,2750.0,1425.0,393,3.933478284103448,sua,0.65,True,18005120322,6.702626546223958,23.449462890625,3.664371604165127,probeC,0.0216720378126278,5.4,1.8825744512377711,0.00024,True,True,5.0,0.0613862491717152,97.54450936688345,0.7625073335469689,AUDp5,0.3184357541899441,0.0055323626243084,1,1,14422.0,241,1009,0.00069,-0.38987365,1.0,-37275.70856836901,234346.93786711703,0.0375362339319252,2.0,0.0403558571635433,0.08,5.1279225,160.0,AUDp,0.0685757869920954,6.933851060879212e-05,0.0,713655_2024-08-09_C-393,,159.89295152176496
1322,0.032734109100773116,107.47620582580566,0.0042171165681965,0.2847121357917785,0.4129141211509705,79.56,8450.0,2725.0,1425.0,402,4.491664168908024,sua,0.67,True,18005120322,,,,probeC,,0.6,0.1674762876811857,0.00017,True,True,0.0,0.0,105.43230454690604,0.4586071433499592,AUDp5,0.7058823529411765,0.0018374846876276,1,1,1283.0,244,1012,0.0005433333333333,-0.2947883,0.9921259842519684,-42786.25080495431,391883.21403251024,0.0,0.0,0.1451262659891259,,7.6554503,160.0,AUDp,0.0888542478565861,0.0015588464536243,0.0,713655_2024-08-09_C-402,475.6624446141088,
1329,0.021411933118596335,175.66834259033203,5.4822432392840863e-05,0.1089793369174003,0.0452241025865077,114.659996,8475.0,2675.0,1450.0,410,7.644467390274689,sua,0.83,True,18005120322,6.738044798843504,23.1253662109375,7.1167786007224665,probeC,0.0283795525864967,5.6000000000000005,5.711032784364424,0.0001733333333333,True,True,0.0,0.0,173.4843329905734,0.0029806115534563,AUDp5,0.6214953271028038,0.0013965528986988,1,1,43751.0,249,1017,0.0006033333333333,-0.23861459,1.0,-45309.93677281799,385064.9648624975,0.0,0.0,0.1468061830134745,0.005,10.644336,80.0,AUDp,0.080569586980869,0.0001371397225206,0.0,713655_2024-08-09_C-410,900.0000431048306,
1332,0.0834574220910142,79.97181701660156,1.22417653468433e-05,0.2045369148254394,0.7278005942702288,58.499996,8475.0,2700.0,1450.0,413,2.393850649420997,sua,0.67,True,18005120322,7.400666484682579,25.3828125,7.82585846973882,probeC,0.0283712919632667,11.8,8.21273430689749,0.0001766666666666,True,True,90.0,0.0580593778756527,99.69480554079044,0.7452389957369541,AUDp5,0.2258566978193146,0.0053818379998637,1,1,62916.0,248,1016,0.0005466666666666,-0.31557277,1.0,-31870.36008932784,309694.0093232202,0.0785632862082698,78.0,0.0548701433204699,0.055,5.832086,100.0,AUDp,0.0845730815690762,0.0002066247059571,0.0,713655_2024-08-09_C-413,,
1333,0.062138082945668,85.48483848571777,0.0003741890791647,0.2404529154300689,0.2105775773525238,63.179996,8475.0,2675.0,1450.0,414,3.595873681460237,mua,0.5,True,18005120322,,,,probeC,0.0349707382729515,4.4,0.9231428733291858,0.0002133333333333,True,True,4.0,0.2042337743050579,95.03332961117395,1.0004204923583804,AUDp5,0.2280701754385964,0.0087836221333606,1,1,7072.0,250,1018,0.0006266666666666,-0.34600076,1.0,-36611.24518461248,250872.43773934097,0.3776667475662044,4.0,0.0119839698935792,,6.099182,120.0,AUDp,0.0732466063348416,0.0,0.0,713655_2024-08-09_C-414,,
1334,0.034606811511732845,192.00642013549805,0.0001294272346655,,,126.35999,8500.0,2600.0,1450.0,415,3.997289273529912,sua,0.87,True,18005120322,7.01263427734375,23.694091796875,4.089810812792237,probeC,0.0378059533853254,12.290000000000008,5.3853481875097415,0.00018,True,True,3.0,0.0045008972011625,150.00374361920984,0.0167432483687532,AUDpo5,0.7995079950799509,0.001130640353582,1,1,41256.0,254,1022,0.0006566666666666,-0.3201167,1.0,-86070.72716745042,639538.8174070863,0.0067742913131414,3.0,0.1197596501870712,0.005,13.881008,100.0,AUDpo,0.0732014737250339,0.0001211944929222,0.0,713655_2024-08-09_C-415,308.6517195991638,
1336,0.039634495832923236,64.54660415649414,4.650105180458876e-05,0.2387319356203079,0.0999512113630771,49.14,8500.0,2600.0,1450.0,417,3.0021199122940403,sua,0.72,True,18005120322,9.16917695773868,28.072509765625,9.1067443448337,probeC,0.0252695614085106,7.6,6.764710566252601,0.0002233333333333,True,True,4.0,0.0038033558999268,114.52167631224326,0.2685124441474903,AUDpo5,0.2706027060270602,0.0068181039503888,1,1,51823.0,254,1022,0.00059,-0.34554386,1.0,-30202.98269171658,221770.8772505669,0.0014272770223218,1.0,0.0450920608676056,0.005,4.60497,120.0,AUDpo,0.0675954691932153,0.0001350751596781,0.0,713655_2024-08-09_C-417,98.8761502462651,
1338,0.0837802681061142,115.35271072387695,1.2169497047210024e-05,0.1411509662866592,0.0611233182251453,79.56,8500.0,2575.0,1450.0,419,4.473347279264687,sua,0.92,True,18005120322,9.500246062992126,27.91015625,9.281209650227105,probeC,0.0211170673682184,43.18000000000002,45.44807804316685,0.00015,True,True,137.0,0.0028859907689575,136.22527543796394,0.0546983690465591,AUDpo5,0.7459349593495935,0.0075130962227736,1,1,348168.0,257,1025,0.0002833333333333,-0.43867475,1.0,-57668.97902867642,609243.0870022937,0.0030380650710007,96.0,0.1223631266072395,0.005,7.654116,140.0,AUDpo,0.0706813951885296,0.0002211576020771,8.61652995105811e-06,713655_2024-08-09_C-419,,439.0713716890119
1339,0.020236294042723958,47.9934196472168,0.0001504338054446,0.3117000460624695,0.1424737267196177,35.1,8500.0,2575.0,1450.0,420,2.701809391650334,mua,0.5700000000000001,True,18005120322,,,,probeC,0.0165771386712058,3.4,1.619938215217081,0.0002866666666666,True,True,0.0,0.0,112.07957623820788,0.2942640765142968,AUDpo5,0.3800813008130081,0.0185070306038048,1,1,12410.0,256,1024,0.0007866666666666,-0.41752043,1.0,-26869.99589307075,110553.13404500192,0.0,0.0,0.0283954887548196,0.04,3.2465458,160.0,AUDpo,0.0639000805801772,8.058017727639001e-05,0.0,713655_2024-08-09_C-420,,233.0505836835029
1342,0.0453027359874915,159.60203552246094,0.0001393086920764,0.1114517897367477,0.0642750710248947,116.99999,8525.0,2575.0,1450.0,423,5.207610538168282,sua,0.87,True,18005120322,,,,probeC,0.0311938505487968,2.4,0.6278729101687477,0.0001866666666666,True,True,0.0,0.0,170.02890957340188,0.0227395552909209,AUDpo5,0.6862745098039216,0.0049946608797492,1,1,4810.0,261,1029,0.00062,-0.3339806,1.0,-76729.80501363616,456120.59523644747,0.0,0.0,0.1078804269111519,0.155,11.425853,80.0,AUDpo,0.0841995841995842,0.0,0.0,713655_2024-08-09_C-423,,
1343,0.01702465638823763,84.43186950683594,7.920779096767007e-05,0.218428686261177,0.2734783887863156,56.159996,8525.0,2575.0,1450.0,424,5.050940457946817,sua,0.67,True,18005120322,6.313720703125,25.609375,3.5017468249088552,probeC,0.0275615623553237,9.89000000000001,3.6404880648017057,0.0003033333333333,True,True,15.0,0.049246735894499,134.64410953376165,0.0413251848172091,AUDpo5,0.4922600619195046,0.0034101477730701,1,1,27889.0,261,1029,0.0005366666666666,-0.48722118,1.0,-50914.24320558597,275188.36647853017,0.0557239910745893,11.0,0.0729668869514631,0.05,5.4260454,140.0,AUDpo,0.0835454838825343,0.0002151385851052,0.0,713655_2024-08-09_C-424,,
1356,0.034638595230622266,140.1987533569336,9.728001255435208e-05,0.1550754755735397,0.1242670357227325,95.939995,8600.0,2425.0,1525.0,437,4.882132418901281,sua,0.84,True,18005120322,,,,probeC,0.0230216925153675,3.6,1.0040745166357603,0.0002066666666666,True,True,1.0,0.0431592138013827,106.5004424217243,0.4065810460539344,AUDpo5,0.7177615571776156,0.0013708958804578,1,1,7692.0,275,1043,0.0006366666666666,-0.4709022,1.0,-80224.02783530789,333556.2893556768,0.0669821231102525,1.0,0.1515783272038212,0.145,9.13484,120.0,AUDpo,0.0872334893395735,0.000390015600624,0.0,713655_2024-08-09_C-437,,394.16737523951286
1357,0.058573244301634596,82.67219161987305,1.0974352290852728e-05,0.2540457248687744,0.1309623248875141,46.8,8600.0,2400.0,1525.0,438,4.796459137508637,sua,0.73,True,18005120322,9.789986197404035,33.652587890625,10.218316349175902,probeC,0.0183739716033856,16.599999999999998,16.83208485395624,0.00022,True,True,141.0,0.021654527082252,96.20196510723795,0.8529373325887565,AUDpo5,0.6256830601092896,0.0012983463167965,1,1,128947.0,277,1045,0.0004,-0.6994727,1.0,-60476.360877097126,204449.5942024548,0.0228367550094761,98.0,0.1203448261604232,0.02,4.639589,160.0,AUDpo,0.0730300045755232,0.0001938781049578,7.755124198314035e-06,713655_2024-08-09_C-438,,
1358,0.07145717811784097,75.3386344909668,4.719810450840695e-05,0.2486133724451065,0.1851917266845702,49.14,8600.0,2400.0,1525.0,439,3.922264812103875,sua,0.58,True,18005120322,11.787943682332678,34.0096435546875,11.648101258752458,probeC,0.0187191900567368,12.4,7.630679149632948,0.0002366666666666,True,True,174.0,0.1300254234753441,98.29369273213412,0.7633678105840993,AUDpo5,0.44140625,0.002907772304324,2,1,58457.0,277,1045,0.0006533333333333,-0.5197744,1.0,-54364.12450672288,189239.21847636945,0.0517815621259508,45.0,0.0809101708934183,0.03,4.7650466,140.0,AUDpo,0.0678447405785449,0.0003079186410523,3.421318233915528e-05,713655_2024-08-09_C-439,,561.8141333586321
1592,0.024487388372204526,164.78739166259766,0.0002072743514001,0.1507856994867324,0.1587406862527132,109.979996,8125.0,3700.0,1350.0,687,3.9897935084881664,sua,0.88,True,18005120322,,,,probeC,0.0336836880466672,0.6,0.1708701953037195,0.00015,True,True,0.0,0.0,97.17112955205636,0.793863099998291,AUDv6a,0.3935897435897436,0.0067419575633128,1,1,1309.0,137,905,0.0006533333333333,-0.26738825,0.9921259842519684,-56712.61678174056,518818.4200791625,0.0,0.0,0.034818048605436,,10.272472,100.0,AUDv,0.0802139037433155,0.001527883880825,0.001527883880825,713655_2024-08-09_C-687,,
1593,0.008279290994628912,72.18432998657227,3.389385058497947e-05,0.2399273514747619,0.130819996446371,49.14,8125.0,3700.0,1350.0,688,2.795419157973867,mua,0.51,True,18005120322,4.398810492621528,14.9749755859375,2.185908587562132,probeC,0.0234893841936476,4.8,2.0372583178801755,0.0002466666666666,True,True,8.0,0.0838693355283934,98.2368428333942,0.7383959412388685,AUDv6a,0.2782051282051282,0.0105749486652977,1,1,15607.0,137,905,0.0005666666666666,-0.49333963,1.0,-41863.07607953881,213501.8649854159,0.0483451268813061,3.0,0.0389615946398064,0.065,4.6445374,160.0,AUDv,0.0723393349138207,0.000320369065163,0.0,713655_2024-08-09_C-688,,-187.06637657200653
1595,0.036795943771636704,94.33005142211914,0.0032991428927593,0.1467334926128387,0.0559133995324373,72.54,8150.0,3700.0,1350.0,690,4.205625729221341,sua,0.82,True,18005120322,,,,probeC,0.0326599752607921,1.0,0.3157639438041997,0.00018,True,True,0.0,0.0,139.20391024685333,0.1496907652669859,AUDv6a,0.3498098859315589,0.0077025777960357,1,1,2419.0,138,906,0.0006,-0.30363333,1.0,-44513.12679694098,345802.4941252124,0.0,0.0,0.0355874769193154,,6.9512877,120.0,AUDv,0.0752377015295576,0.0,0.0,713655_2024-08-09_C-690,313.8577796667846,
1601,0.0667375952633849,84.87646865844727,0.0001615174983334,0.1859623044729232,0.2971207380294801,58.499996,8150.0,3600.0,1350.0,696,4.1391408596607855,sua,0.51,True,18005120322,1.7722283858287184,12.365234375,1.6275636046034638,probeC,0.0296163936090011,4.199999999999999,2.1578725733886834,0.0001533333333333,True,True,15.0,0.140166775714134,122.5392609292921,0.1661384841383373,AUDv6a,0.387037037037037,0.0025118805159538,1,1,16531.0,146,914,0.0003833333333333,-0.42226464,1.0,-45473.932620973945,376726.8832653632,0.1853836864596447,12.0,0.0851912730929717,0.125,5.713377,120.0,AUDv,0.0696267618413889,0.0001814772246083,0.0,713655_2024-08-09_C-696,465.2197528657573,386.49016762939846
1603,0.0281584328515781,183.16114044189453,0.0004452387024992,0.0999207198619842,0.0518322438001632,138.06,8175.0,3600.0,1375.0,698,7.450893240188803,sua,0.78,True,18005120322,,,,probeC,0.0281192174853844,1.6,0.3365189942650793,0.00018,True,True,0.0,0.0,184.78189987104983,0.000680371437025,AUDv6a,0.8722222222222222,0.0011541072640868,1,1,2578.0,148,916,0.0006666666666666,-0.31950602,1.0,-82965.75014202403,557394.2932898304,0.0,0.0,0.1661059478188382,,13.287896,120.0,AUDv,0.0892164468580294,0.0003878975950349,0.0,713655_2024-08-09_C-698,319.79730565552904,
1607,0.017041858973293526,73.52749061584473,0.005249441761777,0.2401331216096878,0.2196204185485837,49.14,8200.0,3575.0,1375.0,702,2.330525873432112,mua,0.65,True,18005120322,,,,probeC,0.0228621137827618,0.4,0.1143485798976763,0.0002633333333333,True,True,0.0,0.0,97.211504829477,0.7738112895971345,AUDv6a,0.1684027777777778,0.0102297444263186,1,1,876.0,150,918,0.00052,-0.48471022,1.0,-46916.00674772563,207006.67876813395,0.0,0.0,0.0203503104893808,,4.7502084,160.0,AUDv,0.0684931506849315,0.0,0.0,713655_2024-08-09_C-702,720.4430335740576,
1614,0.08674204157355861,166.33190536499023,0.0006516864644772,0.1063799411058425,0.1822941333055497,116.99999,8200.0,3550.0,1375.0,709,6.48502934156694,sua,0.74,True,18005120322,,,,probeC,0.0312538136056601,2.2900000000000005,1.0048577260871143,0.00012,True,True,6.0,0.2585517685995242,192.9641249736844,0.0018553961584411,AUDv6a,0.6986027944111777,0.000949184718126,1,1,7698.0,154,922,0.0002633333333333,-0.42391717,1.0,-83690.88142253607,1089779.230990416,0.5263496076203174,6.0,0.136095713188638,0.235,11.148864,80.0,AUDv,0.0743050142894258,0.0001299038711353,0.0,713655_2024-08-09_C-709,,214.2853109586397
1616,0.049173566701824906,93.15068435668945,0.0006295796546087,0.2197538614273071,0.1141729950904846,70.2,8175.0,3525.0,1375.0,711,3.936556041758014,sua,0.57,True,18005120322,,,,probeC,0.0246496688457992,1.2,0.3701970006732991,0.00014,True,True,1.0,0.3174969977646525,109.01771029549909,0.3279335511040139,AUDv6a,0.5389221556886228,0.0025763585206278,1,1,2836.0,155,923,0.00042,-0.3434036,1.0,-47592.320376707175,477573.0483722285,0.7820343910016028,1.0,0.0728325138061185,0.235,6.59201,140.0,AUDv,0.0863892806770098,0.0,0.0,713655_2024-08-09_C-711,,444.0997903033261
1621,0.0452081633043138,124.40840911865234,0.0001471781914038,0.2247895896434784,0.2051278054714203,63.179996,8200.0,3500.0,1375.0,716,3.493219100445698,sua,0.55,True,18005120322,,,,probeC,0.0357339721618179,2.8,0.6602455674913775,0.0001766666666666,True,True,4.0,0.3992587266214612,102.14348640124,0.5744681846406264,AUDv6a,0.2455089820359281,0.0035933421471914,1,0,5058.0,160,928,0.0007966666666666,-0.18486807,1.0,-21430.673344466144,202805.0465057038,1.0,4.0,0.0647855043688486,,6.0339813,100.0,AUDv,0.0976670620798734,0.0001977066034005,0.0,713655_2024-08-09_C-716,288.82146064616416,
1622,0.02515415203348216,60.74624061584473,4.542732698911252e-05,0.2882649302482605,0.3586786955595014,39.78,8200.0,3500.0,1375.0,717,3.013779436056544,mua,0.52,True,18005120322,3.6485888864111713,14.9151611328125,4.244951723375684,probeC,0.0237602379210248,4.199999999999999,5.561700848972938,0.00027,True,True,30.0,0.0421998996627906,112.22376289286775,0.2628086648604858,AUDv6a,0.3171171171171171,0.0089319069451519,1,1,42607.0,162,930,0.0007466666666666,-0.47368616,1.0,-35811.87534269147,139244.05419815684,0.0170248831889143,8.0,0.0572970597940073,0.03,3.9595313,140.0,AUDv,0.0693313305325416,2.347032177811158e-05,0.0,713655_2024-08-09_C-717,,
1625,0.05058476107455102,65.7165756225586,0.0001942247028384,0.2645282447338104,0.1710969537496564,49.14,8200.0,3500.0,1375.0,720,2.759242080465885,mua,0.65,True,18005120322,,,,probeC,0.0268437455982773,1.2,0.3229433637749442,0.0002333333333333,True,True,1.0,0.417208055667925,89.33635432393922,1.2133013682777023,AUDv6a,0.1936127744510978,0.0104749313536052,1,2,2474.0,161,929,0.0006666666666666,-0.25608197,1.0,-19168.206080655556,160769.53794617954,1.0,1.0,0.0072160116939212,,4.738516,120.0,AUDv,0.0780113177041228,0.0,0.0,713655_2024-08-09_C-720,320.3193706171314,276.6970147859769
1629,0.03434379665445193,100.97101402282715,0.0005835738759697,,,74.88,8200.0,3450.0,1375.0,724,4.881574601603635,sua,0.91,True,18005120322,3.62457275390625,14.49786376953125,2.182920448413665,probeC,0.029923530492539,5.0,3.2704215990369656,0.0002,True,True,0.0,0.0,129.2103888030238,0.1453173024243907,AUDv6a,0.4910179640718562,0.0057968066714125,1,2,25054.0,166,934,0.0006033333333333,-0.26528338,1.0,-34626.78766674606,308316.76985830715,0.0,0.0,0.0347805377322988,0.01,5.693706,120.0,AUDv,0.0666959367765626,7.9827572443522e-05,0.0,713655_2024-08-09_C-724,,
1632,0.018168504954615167,85.1104679107666,0.0040159959569382,0.2380216419696808,0.0587950140237807,60.839996,8200.0,3450.0,1375.0,727,3.430684316659088,mua,0.51,True,18005120322,,,,probeC,0.0289431215673616,0.4,0.0899385519971449,0.0002266666666666,True,True,0.0,0.0,92.50690883965636,1.0729351357932495,AUDv6a,0.3053892215568862,0.0072205837486016,1,1,689.0,166,934,0.0006066666666666,-0.42082036,0.9921259842519684,-46277.13744967369,256514.5794589445,0.0,0.0,0.0300935331779661,,4.3056045,140.0,AUDv,0.0595065312046444,0.0,0.0,713655_2024-08-09_C-727,,189.73984383883317
1633,0.06385405886744444,82.52244186401367,0.0006793004482744,,,58.499996,8200.0,3400.0,1375.0,728,4.625725384341625,sua,0.9,True,18005120322,,,,probeC,0.0295432003280112,2.8,0.9857996294375015,0.0001433333333333,True,True,0.0,0.0,128.97153000653935,0.1764198305885591,AUDv6a,0.3453093812375249,0.0079324722871961,1,1,7552.0,168,936,0.0004966666666666,-0.2680752,0.9921259842519684,-27082.499608353686,321693.6235470815,0.0,0.0,0.02813711602897,0.045,5.757899,100.0,AUDv,0.0676641949152542,0.0001324152542372,0.0,713655_2024-08-09_C-728,,
1637,0.06180748297692629,170.16486740112305,0.000436020777042,0.1399412006139755,0.088576878607273,131.04,8225.0,3375.0,1375.0,733,6.076632811063655,sua,0.84,True,18005120322,,,,probeC,0.0274866630200675,1.4,0.3122395012731069,0.0001866666666666,True,True,0.0,0.0,128.7765710900681,0.077389588952674,AUDv6a,0.8620071684587813,0.002513416208138,1,1,2392.0,173,941,0.0006233333333333,-0.31485608,0.952755905511811,-73563.79472044254,571847.8904320643,0.0,0.0,0.2135173989879123,,12.397128,100.0,AUDv,0.0756688963210702,0.0008361204013377,0.0,713655_2024-08-09_C-733,,
1642,0.038741132167136115,46.762553215026855,2.231776990809633e-05,0.7810744047164917,0.7708639621734619,14.039999,8225.0,3375.0,1375.0,738,4.339569985098427,noise,0.5319330114330115,False,18005120322,0.0,0.0,0.0,probeC,0.0142133380106595,4.800000000000001,2.567752186263916,0.00044,True,False,37.0,0.2441748464579099,114.42777896842168,0.2441417872726919,AUDv6a,0.654054054054054,0.0064527084394634,1,1,19671.0,174,942,0.0011733333333333,-0.15790011,1.0,-3114.386140861869,25449.23441134847,0.4828197020126635,37.0,0.047445154881421,0.18,1.4011409,160.0,AUDv,0.078236998627421,0.0004575263077626,5.083625641807737e-05,713655_2024-08-09_C-738,,139.65888231117788
1646,0.00996596793244145,60.94764518737793,0.0006085161289885,0.4136619567871094,0.1810407936573028,37.44,8250.0,3250.0,1400.0,742,2.242074801693577,mua,0.86,True,18005120322,,,,probeC,0.0171617368814449,0.4,0.1066470202926958,0.00033,True,True,0.0,0.0,67.24557260442181,3.666678811964068,AUDp6a,0.1358695652173913,0.0115797337679978,1,1,817.0,183,951,0.0005266666666666,-0.6437515,1.0,-43449.16068350383,149921.6135015817,0.0,0.0,0.016111625610008,,3.5604084,160.0,AUDp,0.0771113831089351,0.0,0.0,713655_2024-08-09_C-742,,
1649,0.051060669612463604,113.92060089111328,0.0005307292995257,0.2851492166519165,0.3468830101191996,84.24,8250.0,3250.0,1400.0,745,3.712138330429237,sua,0.83,True,18005120322,,,,probeC,0.0264829464069905,3.6,0.9931095843168052,0.0002233333333333,True,True,4.0,0.176470070613957,82.56667048701506,1.7042768038532592,AUDp6a,0.3894927536231884,0.0043466449334419,1,1,7608.0,182,950,0.0005933333333333,-0.32863176,1.0,-43855.83640237001,346721.30795370793,0.0685240491351737,1.0,0.0533485345967544,0.21,8.237322,120.0,AUDp,0.0854363827549947,0.0002628811777076,0.0,713655_2024-08-09_C-745,,
1650,0.04037817149316905,88.13845634460449,0.000766207259103,0.3847553730010986,0.2787942580878734,58.499996,8250.0,3250.0,1400.0,747,2.125880313377051,sua,0.52,True,18005120322,,,,probeC,0.025060903170313,0.4,0.0665728033650855,0.0002166666666666,True,True,0.0,0.0,84.99132166630628,1.1770837830007277,AUDp6a,0.2065217391304347,0.0060105949470252,1,1,510.0,182,950,0.0006966666666666,-0.33748075,0.9606299212598424,-38681.32090980385,242564.84390583663,0.0,0.0,0.0561509767117191,,6.317722,120.0,AUDp,0.0862745098039215,0.0,0.0,713655_2024-08-09_C-747,,
1652,0.030091413207993332,70.39656639099121,0.0008170812565561,0.3036880791187286,1.150859263539314,44.46,8250.0,3225.0,1400.0,749,2.3569110444079824,mua,0.73,True,18005120322,,,,probeC,0.0183005934451839,0.6,0.2172100878421613,0.0002233333333333,True,True,0.0,0.0,76.36443185801515,2.1799816907513527,AUDp6a,0.1818181818181818,0.0118683261919336,1,1,1664.0,185,953,0.0005866666666666,-0.41470602,1.0,-36862.9284388916,225688.2313455489,0.0,0.0,0.0278511441876425,0.32,4.7699914,160.0,AUDp,0.078125,0.0006009615384615,0.0,713655_2024-08-09_C-749,,
1663,0.014822021744176371,130.5345115661621,0.0025665365204917,0.1326608657836914,0.1492877341806888,91.259995,8300.0,3175.0,1400.0,760,3.5905702052554425,sua,0.84,True,18005120322,,,,probeC,0.0361851341875462,0.8,0.207681039517355,0.00018,True,True,0.0,0.0,102.99855646323384,0.3838704840926276,AUDp6a,0.527972027972028,0.0068286322146729,1,1,1591.0,193,961,0.0005433333333333,-0.3800472,1.0,-65512.5822406079,399676.6800859433,0.0,0.0,0.1035086371812605,,9.045802,120.0,AUDp,0.0967944688874921,0.0,0.0,713655_2024-08-09_C-760,,
1667,0.029921523824765064,60.89620590209961,0.0003210442104229,0.2573198974132538,0.1220256388187408,44.46,8300.0,3100.0,1400.0,764,3.435800134206874,mua,0.56,True,18005120322,,,,probeC,0.0242455339058326,2.4,0.8214561795617317,0.0002433333333333,True,True,2.0,0.1289634397289547,115.20213933481492,0.2364947674391302,AUDp6a,0.3807982740021575,0.0095965328655453,1,2,6293.0,201,969,0.0006566666666666,-0.3449125,1.0,-27901.40654113516,151246.38999160484,0.2169867939727097,2.0,0.0689996366031488,0.325,4.2749195,140.0,AUDp,0.0862863499126013,0.0,0.0,713655_2024-08-09_C-764,602.5724235513131,
1668,0.007598795089358781,206.03231048583984,0.0016272135488304,0.2531502544879913,0.4133137170225381,145.08,8300.0,3100.0,1400.0,765,3.309736526888681,sua,0.84,True,18005120322,,,,probeC,0.0380658438476499,0.8,0.1468517721288651,0.0001666666666666,True,True,0.0,0.0,74.47739463803794,3.342488583288213,AUDp6a,0.5011415525114156,0.0030558989149842,1,1,1125.0,202,970,0.00051,-0.22025521,0.984251968503937,-35925.61206929523,836745.6260503612,0.0,0.0,0.0731689380041737,,16.20664,100.0,AUDp,0.2151111111111111,0.0008888888888888,0.0,713655_2024-08-09_C-765,295.5292065137501,
1669,0.0526225999240015,49.4582462310791,4.740926659561922e-05,0.3840261995792389,0.3196323782205582,32.76,8300.0,3100.0,1400.0,766,3.304467739444431,mua,0.6599999999999999,True,18005120322,1.1514273865582192,12.07275390625,1.6946122762819356,probeC,,4.6,1.833101720893913,0.00028,True,True,5.0,0.0647444116460595,100.0556908059514,0.6501128626992764,AUDp6a,0.3938356164383562,0.0062834775442933,1,1,14043.0,202,970,0.00065,-0.4935951,1.0,-28063.98356386345,122339.70221539638,0.0600744396298753,3.0,0.0431932342895963,0.105,3.1786454,140.0,AUDp,0.0795414085309406,0.0002848394217759,0.0,713655_2024-08-09_C-766,145.13866512132725,
1671,0.06188361745437233,259.52002334594727,0.0007270356149946,0.0631423741579055,0.163025320880115,208.26,8300.0,3075.0,1400.0,768,9.091577689502843,sua,0.76,True,18005120322,,,,probeC,0.0302661675092933,2.6,0.6037239520853344,0.0001466666666666,True,True,0.0,0.0,353.5691246682392,0.0002989676243732,AUDp6a,0.9885057471264368,0.001608652496834,1,1,4625.0,205,973,0.0006633333333333,-0.24374688,1.0,-100471.75920238366,1070751.4169327652,0.0,0.0,0.270780547472033,0.13,20.04269,80.0,AUDp,0.0812972972972973,0.0,0.0,713655_2024-08-09_C-768,201.18773258968943,375.2385474011503
1672,0.07275386424995271,285.5032958984375,0.0057806412078977,0.0672010034322738,0.0303380377590656,222.29999,8300.0,3075.0,1400.0,769,6.679694267900693,sua,0.83,True,18005120322,,,,probeC,0.0513721489933422,0.8,0.162254891338826,0.0001566666666666,True,True,0.0,0.0,298.35158323233526,0.1295700242554186,AUDp6a,0.7164750957854407,0.0079063558886949,1,1,1243.0,205,973,0.00058,-0.2983857,0.952755905511811,-122701.88097616677,1114242.4162055226,0.0,0.0,0.0552764096412357,,21.093987,80.0,AUDp,0.0740144810941271,0.0,0.0,713655_2024-08-09_C-769,,
1676,0.024716320359519938,144.5043716430664,0.0015251648214391,0.1319948434829712,0.6185707010328769,88.92,8350.0,3000.0,1400.0,776,4.816797437124753,sua,0.75,True,18005120322,,,,probeC,0.0278557749839405,1.6,0.4160147535775049,0.0001633333333333,True,True,0.0,0.0,158.43433732675274,0.0185730509664673,AUDp6a,0.7336182336182336,0.0061096320567956,1,1,3187.0,211,979,0.0007566666666666,-0.25505945,1.0,-47564.6573424372,338215.98996817734,0.0,0.0,0.0770049939206682,0.205,9.128543,120.0,AUDp,0.0768748038908064,0.0,0.0,713655_2024-08-09_C-776,,
1678,0.02136858425076342,82.75174522399902,0.0004283219428527,0.2122040092945099,0.0858972623944282,58.499996,8350.0,3000.0,1400.0,778,2.2068943958236806,sua,0.57,True,18005120322,,,,probeC,0.0307555128210011,1.8,0.6178217222097053,0.0002533333333333,True,True,0.0,0.0,90.71291864411998,1.0044538452788891,AUDp6a,0.1623563218390804,0.0089407589407589,1,1,4733.0,214,982,0.0006766666666666,-0.4057848,1.0,-43893.1218976576,225401.4780162774,0.0,0.0,0.0358329680373779,0.195,5.654021,120.0,AUDp,0.0779632368476653,0.0,0.0,713655_2024-08-09_C-778,,
1685,0.01965287197691307,83.38354682922363,0.000868180971888,0.1981728971004486,0.07124435454607,56.159996,8375.0,2925.0,1400.0,785,3.9706487329892215,mua,0.5,True,18005120322,,,,probeC,0.020706517358714,0.4,0.0810621782151335,0.00026,True,True,0.0,0.0,99.20053431562106,0.6933166588289753,AUDp5,0.2251082251082251,0.0045040434026,1,1,621.0,221,989,0.0006,-0.46305788,0.968503937007874,-46919.00622952871,199507.39208527844,0.0,0.0,0.0285316100529776,,5.4723597,160.0,AUDp,0.072463768115942,0.0,0.0,713655_2024-08-09_C-785,,
1686,0.031398751837635554,83.99662971496582,0.0034175712132928,0.4123436510562897,0.4889661014080046,53.82,8375.0,2900.0,1400.0,786,2.8939159936652463,mua,0.77,True,18005120322,,,,probeC,0.0164961194472041,0.4,0.0865446443746111,0.00022,True,True,0.0,0.0,66.83248359572485,6.31803390137192,AUDp5,0.1066666666666666,0.0025299145299145,1,1,663.0,225,993,0.00047,-0.38242882,1.0,-40054.85169501691,265780.66313498974,0.0,0.0,0.04303060347755,,5.823094,160.0,AUDp,0.0829562594268476,0.0060331825037707,0.0015082956259426,713655_2024-08-09_C-786,,-1920.989141143156
1691,0.02308142824232281,158.23079299926758,0.0001415631124509,,,124.02,8425.0,2825.0,1425.0,792,4.575142427261242,sua,0.89,True,18005120322,6.9320068359375,21.7073974609375,3.187618282434867,probeC,0.0299865449743874,10.4,4.7482072988333055,0.00018,True,True,9.0,0.0173695505721472,99.5904726087642,0.6974919529247384,AUDp5,0.2895238095238095,0.0061068702290076,1,1,36375.0,234,1002,0.00075,-0.27005306,1.0,-59823.72986196514,495480.65302481054,0.0058067091261536,2.0,0.0301905054666963,0.02,11.971744,120.0,AUDp,0.0699656357388316,8.247422680412371e-05,0.0,713655_2024-08-09_C-792,166.76067253592112,294.5704752868701
1695,0.05747949078957254,55.54226875305176,0.0001794933371198,0.2899260818958282,0.1574845135211944,42.12,8400.0,2850.0,1425.0,796,2.554818653223503,mua,0.79,True,18005120322,6.865485696231618,20.4677734375,3.256243876377726,probeC,0.018058145318216,6.800000000000001,2.831824306278756,0.0002533333333333,True,True,26.0,0.1410737309935719,93.62627093879252,1.039135292846616,AUDp5,0.3028846153846153,0.009974128540305,1,1,21694.0,231,999,0.0006333333333333,-0.33467782,1.0,-22255.19937147645,149388.5097103266,0.1689025482169698,19.0,0.0466357077011267,0.17,3.9956787,160.0,AUDp,0.0745367382686457,0.0001382870839863,0.0,713655_2024-08-09_C-796,,313.07956006960416
1698,0.014947430019227857,94.76535606384277,0.0001093802949902,0.2385974824428558,0.1884412840008735,70.2,8425.0,2800.0,1425.0,799,3.5105747603361706,sua,0.7,True,18005120322,,,,probeC,0.0292807577482324,2.4,0.624217932729096,0.0002433333333333,True,True,0.0,0.0,100.501350178011,0.6264613362538116,AUDp5,0.185823754789272,0.0034941312165004,1,1,4782.0,238,1006,0.00078,-0.35636666,1.0,-45675.97951374235,288978.86524124467,0.0,0.0,0.0298890947382008,0.225,5.0229273,140.0,AUDp,0.0725637808448348,0.0002091175240485,0.0,713655_2024-08-09_C-799,141.29385206259334,
1700,0.010136899758991484,102.32347106933594,0.0015007608409142,0.2024647891521453,0.1409042969346046,72.54,8425.0,2825.0,1425.0,801,2.7399988311032244,sua,0.74,True,18005120322,,,,probeC,0.0221568366058964,1.2,0.340826646247526,0.0002066666666666,True,True,0.0,0.0,98.15698760674329,0.772591582273661,AUDp5,0.3104761904761904,0.0086513994910941,1,1,2611.0,234,1002,0.0006,-0.3922503,1.0,-52857.64401948283,355411.26486677566,0.0,0.0,0.0643328074837301,0.34,7.0538087,140.0,AUDp,0.0785139793182688,0.0,0.0,713655_2024-08-09_C-801,,
1702,0.034341951721133857,75.19356918334961,0.0001184425148165,0.1907907873392105,0.1301584392786026,53.82,8425.0,2825.0,1425.0,803,3.552055671773027,sua,0.71,True,18005120322,,,,probeC,0.0227698714071653,2.6,0.6636394751139113,0.0002166666666666,True,True,0.0,0.0,112.3257178619011,0.3719470826258634,AUDp5,0.3619047619047619,0.0152332485156912,1,1,5084.0,235,1003,0.0005666666666666,-0.33758357,1.0,-29170.95537280948,194806.8806291254,0.0,0.0,0.0170666719996582,0.08,5.3963675,120.0,AUDp,0.066089693154996,0.0,0.0,713655_2024-08-09_C-803,,
1709,0.061110838145567,65.94122123718262,0.0003818810666156,0.2443713098764419,0.1082366526126861,44.46,8450.0,2725.0,1425.0,810,3.09468507505658,mua,0.55,True,18005120322,6.951763625372024,24.4541015625,3.953368419155504,probeC,0.0167054659145013,3.4,2.126544195334526,0.00024,True,True,5.0,0.0481090291655405,113.33065963196236,0.2674149639482692,AUDp5,0.2892156862745098,0.0083367360827548,1,1,16291.0,245,1013,0.0004866666666666,-0.45908427,1.0,-35212.79617156564,187402.368037478,0.0292945014056265,2.0,0.0328712797864192,0.065,4.3423657,160.0,AUDp,0.0664784236695107,0.00067521944632,0.0,713655_2024-08-09_C-810,,
1710,0.06811463830553068,64.38277816772461,0.0008799257815401,0.3283354341983795,0.2530473321676254,44.46,8450.0,2750.0,1425.0,811,3.6473472297512775,mua,0.75,True,18005120322,,,,probeC,0.0198517075790594,2.2,0.6648142892909422,0.00024,True,True,5.0,0.4922375358356816,74.07970871299142,4.298653943716448,AUDp5,0.1283524904214559,0.0036637492367189,1,1,5093.0,243,1011,0.0006033333333333,-0.37572208,1.0,-28823.739482297256,178419.22015651298,0.3602227286022251,2.0,0.0202807611596924,,4.3603544,140.0,AUDp,0.0875711761240918,0.000589043785588,0.0,713655_2024-08-09_C-811,,
1713,0.049842074471648776,69.37166595458984,0.000103965109158,0.2665446996688843,0.2381258495151996,44.46,8450.0,2750.0,1425.0,814,2.3679890922610185,mua,0.5700000000000001,True,18005120322,6.575539416215551,24.0064697265625,6.875848616143399,probeC,0.0170502420257833,6.2,4.6787627274799215,0.0003033333333333,True,True,7.0,0.0139136608003047,91.25266859924646,1.318138644447917,AUDp5,0.2030651340996168,0.0077685053260058,1,1,35843.0,242,1010,0.00058,-0.5294961,1.0,-40802.14967863134,141259.02045610594,0.0,0.0,0.0390662414783494,0.01,4.367097,140.0,AUDp,0.0670702787155093,0.0002510950534274,5.579890076165499e-05,713655_2024-08-09_C-814,,
1718,0.052298552000992704,64.3453254699707,0.0002246068592104,0.2731104493141174,0.1518216483294963,44.46,8475.0,2625.0,1450.0,819,3.6866958909182,sua,0.6,True,18005120322,5.474715169270834,22.370361328125,3.4567100322624613,probeC,0.0183717012850349,5.2,2.1706649944274647,0.0001866666666666,True,True,2.0,0.0184692731811189,108.55885370005755,0.3423152734591608,AUDp5,0.4444444444444444,0.0036291427006299,1,1,16629.0,252,1020,0.0004466666666666,-0.44715583,1.0,-30025.33894715443,237215.27121673504,0.0139492456124169,1.0,0.072919802635609,0.045,3.2186658,160.0,AUDp,0.0715015936015394,0.0001804077214504,0.0,713655_2024-08-09_C-819,,145.93387796098898
1720,0.07361429252829906,76.63034248352051,1.4353867486320826e-05,0.2448672503232956,0.2022021830081938,51.48,8500.0,2650.0,1450.0,821,5.259740616068817,sua,0.53,True,18005120322,6.023568220964567,24.050048828125,6.979993673567082,probeC,0.0226040513535775,7.6,6.508340005842743,0.0002333333333333,True,True,62.0,0.0636878573105818,118.96959410122938,0.203291899434889,AUDpo5,0.5126262626262627,0.0032867707477403,1,1,49859.0,253,1021,0.0005533333333333,-0.4545943,1.0,-44838.10170215614,235876.323526818,0.0636596882549199,40.0,0.0363224674849291,0.065,5.0469837,160.0,AUDpo,0.0775587155779297,0.0002807918329689,2.005655949778375e-05,713655_2024-08-09_C-821,296.18107562020526,
1725,0.06266449347907728,99.44997215270996,0.0003375701410918,0.2163200080394745,0.1623582571744918,77.21999,8550.0,2525.0,1500.0,826,3.13576740008528,sua,0.89,True,18005120322,,,,probeC,0.0332671697046457,5.690000000000008,1.2870741983916534,0.00019,True,True,1.0,0.0262662604385672,112.89895978371526,0.2802695569097866,AUDpo5,0.4767295597484277,0.0132169149118301,1,1,9860.0,266,1034,0.00063,-0.29464406,1.0,-37574.40097473646,345259.3112377625,0.040207721074868,1.0,0.0555110999913493,0.105,7.376668,120.0,AUDpo,0.0765720081135902,0.0001014198782961,0.0,713655_2024-08-09_C-826,839.9996083028268,
1874,0.02409052525951577,75.97977828979492,6.764674391948222e-05,0.2334925383329391,0.1916066132485866,53.82,8100.0,3700.0,1350.0,977,4.894396509610228,sua,0.56,True,18005120322,2.285967531457412,12.58978271484375,2.0024013398923017,probeC,0.0333837962837355,4.4,2.4296462530085035,0.0002,True,True,12.0,0.0884505560265972,119.1041223095758,0.2001228230466505,AUDv6a,0.5425641025641026,0.0017571059431524,1,1,18613.0,134,902,0.00068,-0.34860665,1.0,-33025.0047830306,186305.06466073284,0.0569004268017329,5.0,0.101009307057075,0.105,5.049678,120.0,AUDv,0.0659216676516413,0.0006447106860796,0.0002686294525331,713655_2024-08-09_C-977,,
1876,0.026174676787145513,123.79535675048828,0.0007307100931043,0.222798690199852,0.1974588930606842,91.259995,8125.0,3700.0,1350.0,979,3.4313825157621216,sua,0.82,True,18005120322,,,,probeC,0.0284336383396013,0.6,0.1391502125238846,0.0001733333333333,True,True,0.0,0.0,77.88797123096411,2.370756647707313,AUDv6a,0.2512820512820513,0.007939767282683,1,1,1066.0,137,905,0.0006333333333333,-0.3331351,0.9921259842519684,-58336.10527575168,432861.3774610292,0.0,0.0,0.0246871088457468,,8.918553,100.0,AUDv,0.0863039399624765,0.0018761726078799,0.0009380863039399,713655_2024-08-09_C-979,505.4435350936927,
1881,0.05228747483123344,87.93250465393066,1.7347797798668984e-05,0.158352792263031,0.1863823436200618,58.499996,8200.0,3575.0,1375.0,984,2.8695652365614346,sua,0.82,True,18005120322,3.5870380859375,19.6162109375,2.8060738915897163,probeC,0.0424573430961235,5.2,3.0321953909168067,0.0001766666666666,True,True,10.0,0.0473250463558874,103.91047547793704,0.5719173034921252,AUDv6a,0.2725694444444444,0.0111133768352365,1,1,23229.0,150,918,0.0003233333333333,-0.5507492,1.0,-51386.37629496011,423715.551135152,0.0142997554091469,2.0,0.0382617143843706,0.025,5.4552712,140.0,AUDv,0.0704292048732188,0.0001291489086917,0.0,713655_2024-08-09_C-984,,
1892,0.031008737288231263,75.94702529907227,0.0006166517776273,0.2020709663629531,0.1129167616367339,56.159996,8200.0,3500.0,1375.0,995,3.334088730542097,sua,0.62,True,18005120322,,,,probeC,0.0267837947973361,0.6,0.1643434498757699,0.0002033333333333,True,True,0.0,0.0,110.6373200093766,0.3098276346905164,AUDv6a,0.3632734530938123,0.0119665073392318,1,1,1259.0,161,929,0.0006133333333333,-0.3532452,1.0,-36894.36206298034,241542.35229784565,0.0,0.0,0.0438669069413705,,5.383776,140.0,AUDv,0.0595710881652104,0.0,0.0,713655_2024-08-09_C-995,,
1898,0.022099296595200758,79.69108390808105,0.0001000372244349,0.5141059160232544,0.5324119389057159,49.14,8200.0,3500.0,1375.0,1001,3.120544420389259,sua,0.67,True,18005120322,,,,probeC,0.0212327505133324,1.4,0.341479320790321,0.00019,True,True,0.0,0.0,114.14363010153396,0.222556095988697,AUDv6a,0.2939068100358423,0.0078119692955641,1,1,2616.0,162,930,0.0006,-0.3367458,1.0,-35675.51512105407,250099.67376578864,0.0,0.0,0.0372032216282224,,5.7237234,120.0,AUDv,0.0898318042813455,0.0003822629969418,0.0003822629969418,713655_2024-08-09_C-1001,905.5401066229696,
1900,0.012836187258636373,104.10185050964355,0.0005459818420716,0.2338697016239166,0.1034953787922858,77.21999,8200.0,3450.0,1375.0,1003,4.691899267615912,sua,0.66,True,18005120322,,,,probeC,0.0305168725377815,0.8,0.1994573402781385,0.0002,True,True,0.0,0.0,108.6725645403196,0.3675692552267157,AUDv6a,0.4910179640718562,0.0037967388725041,1,1,1528.0,166,934,0.0005933333333333,-0.38636678,1.0,-54537.67064246183,320393.33794805646,0.0,0.0,0.048299538299209,,5.4053564,120.0,AUDv,0.0746073298429319,0.0,0.0,713655_2024-08-09_C-1003,256.13530524731885,
1907,0.08666117311906342,56.95089912414551,0.0062177657345692,0.4676700234413147,0.2430030405521392,37.44,8250.0,3300.0,1400.0,1010,1.6387078645586055,mua,0.97,True,18005120322,,,,probeC,0.0161098400525226,0.6,0.1425441201464184,0.0002933333333333,True,True,0.0,0.0,61.25622956364568,9.291425816510348,AUDv6a,0.0994152046783625,0.0111574592193169,1,1,1092.0,181,949,0.00053,-0.57480925,1.0,-39913.37861678528,169042.5458521514,0.0,0.0,0.0106346781002452,,3.4740705,160.0,AUDv,0.0924908424908425,0.0009157509157509,0.0009157509157509,713655_2024-08-09_C-1010,506.8390002477993,
1909,0.01806447164873112,76.20446586608887,3.708493487636305e-05,0.2062302976846695,0.5452753186225874,56.159996,8250.0,3225.0,1400.0,1012,3.4283970683425298,sua,0.84,True,18005120322,,,,probeC,0.019871460125372,4.4,1.3434652788891377,0.0001633333333333,True,True,0.0,0.0,113.23872478236385,0.1781236403653671,AUDp6a,0.441077441077441,0.0118683261919336,1,1,10292.0,185,953,0.00046,-0.33468568,1.0,-32370.478723636625,350435.5404813051,0.0,0.0,0.0488623414934816,0.05,5.4786572,140.0,AUDp,0.0709288767975126,0.0003886513797123,0.0,713655_2024-08-09_C-1012,,
1910,0.0077791837424818775,66.26880645751953,0.012342691341887,1.495510458946228,2.3409912183880803,18.72,8275.0,3225.0,1400.0,1013,1.988607547499757,mua,0.62,True,18005120322,,,,probeC,,0.6,0.1306654434675501,0.00018,True,True,0.0,0.0,80.943107302959,1.664430024184407,AUDp6a,0.4124579124579124,0.0031286132081888,1,1,1001.0,188,956,0.0004533333333333,-0.3201572,0.984251968503937,-23984.85175046208,304978.5417921547,0.0,0.0,0.0550645420850986,,4.824401,140.0,AUDp,0.1048951048951049,0.0,0.0,713655_2024-08-09_C-1013,114.55368164021957,
1911,0.038916187306292906,79.32599639892578,0.0002101853619219,0.3484192192554474,0.238092690706253,46.8,8275.0,3225.0,1400.0,1014,2.679471352641672,mua,0.62,True,18005120322,,,,probeC,0.0270878356757665,2.2,0.5982414859258567,0.0002433333333333,True,True,2.0,0.2431545256531619,76.81768543497432,2.3063576035373203,AUDp6a,0.3794642857142857,0.0099563557010365,1,1,4583.0,189,957,0.0006133333333333,-0.588313,1.0,-53717.2932163023,194408.28046870703,0.0,0.0,0.045403845590534,0.34,4.790225,100.0,AUDp,0.0813877372899847,0.0,0.0,713655_2024-08-09_C-1014,,
1916,0.054955923570939355,65.79146003723145,3.24551362821712e-05,0.3277449011802673,0.2031853429973125,44.46,8350.0,3050.0,1400.0,1019,2.698506807495328,mua,0.7,True,18005120322,,,,probeC,0.0232779562151518,4.6,1.3233629029710527,0.00019,True,True,15.0,0.3726822950406116,87.21459952447981,1.4696357802050346,AUDp6a,0.198005698005698,0.0110587753430268,1,1,10138.0,209,977,0.0004166666666666,-0.5139651,1.0,-39820.44649468592,191192.43012804096,0.4262649837016228,9.0,0.0152117969513867,0.335,4.159805,160.0,AUDp,0.0808838035115407,9.863878477017164e-05,0.0,713655_2024-08-09_C-1019,197.19102734144465,261.0479327719296
1918,0.04067839010813887,91.91046524047852,0.0027765977908017,0.2690314650535583,0.1255789220333098,67.86,8350.0,3050.0,1400.0,1021,2.5366948668453024,sua,0.53,True,18005120322,,,,probeC,0.0267403914816157,0.4,0.0903301567228219,0.0002233333333333,True,True,0.0,0.0,91.5879431550805,1.0779593278498871,AUDp6a,0.1919642857142857,0.0078764320785597,1,1,692.0,210,978,0.0007,-0.37614134,0.9763779527559056,-47832.78225470827,256002.7532277129,0.0,0.0,0.0346355268446,,6.410347,140.0,AUDp,0.0809248554913294,0.0,0.0,713655_2024-08-09_C-1021,,192.9070291483196
1921,0.025676141522082148,91.85900115966797,0.0018396540540098,0.1917345970869064,0.2008165627717968,70.2,8375.0,2925.0,1400.0,1024,3.285781364172464,sua,0.79,True,18005120322,,,,probeC,0.0265670324353194,1.2,0.3284258299344219,0.0001633333333333,True,True,0.0,0.0,93.90247727226588,1.0504930811629465,AUDp5,0.3073593073593073,0.010953014638141,1,1,2516.0,221,989,0.0006633333333333,-0.29966474,1.0,-36394.81290343259,288644.4121323599,0.0,0.0,0.0339752122011164,,6.7912087,120.0,AUDp,0.0826709062003179,0.0035771065182829,0.0,713655_2024-08-09_C-1024,,666.666443321474
1922,0.02524156082410647,97.7511100769043,0.0007530747024937,0.1588448584079742,0.0692638501524925,74.88,8375.0,2900.0,1400.0,1025,4.601069064247312,sua,0.77,True,18005120322,,,,probeC,0.0243680183461841,0.6,0.1348425605414379,0.0001766666666666,True,True,0.0,0.0,110.70612038894797,0.3034765457802561,AUDp5,0.5227606461086637,0.0035471878304171,1,1,1033.0,223,991,0.0004566666666666,-0.3151189,0.984251968503937,-40735.05053308601,443321.97106018587,0.0,0.0,0.0642894410253945,,7.117661,140.0,AUDp,0.0677637947725072,0.0,0.0,713655_2024-08-09_C-1025,548.8928690787804,
1926,0.02475811121000001,63.16129684448242,0.0005280344167364,0.3061437010765075,0.1615628331899642,46.8,8425.0,2825.0,1425.0,1029,2.5112560601042624,mua,0.76,True,18005120322,,,,probeC,0.0196712887959372,1.2,0.3463091124070037,0.0002333333333333,True,True,0.0,0.0,67.68645913911149,4.998580074284887,AUDp5,0.1314285714285714,0.0100763358778625,1,1,2653.0,235,1003,0.00072,-0.361042,1.0,-28094.699189074297,167791.3195141334,0.0,0.0,0.0144890335555202,,4.4570293,140.0,AUDp,0.076894082171127,0.0,0.0,713655_2024-08-09_C-1029,,
1927,0.012556765516458296,78.88605117797852,9.150578652112226e-05,0.2615970969200134,0.2437869727611544,58.499996,8425.0,2800.0,1425.0,1030,2.660905100920651,mua,0.55,True,18005120322,,,,probeC,0.026551411605854,1.8,0.4704478104466043,0.0002166666666666,True,True,1.0,0.1965995463584466,80.38725398408648,2.587976695857434,AUDp5,0.1365248226950354,0.0040086968338089,1,1,3604.0,236,1004,0.00062,-0.33795047,1.0,-32374.165374454788,234749.04828652367,0.3595303590921267,1.0,0.0250025749623154,,5.6594157,120.0,AUDp,0.0935072142064372,0.0005549389567147,0.0,713655_2024-08-09_C-1030,237.82313288746096,
1929,0.08565531365951676,96.7590560913086,0.0009969571672069,0.1844549179077148,1.185049048438668,67.86,8450.0,2750.0,1425.0,1032,3.4225081245806765,sua,0.79,True,18005120322,,,,probeC,0.0318296640394091,1.6,0.5255335418584985,0.00019,True,True,0.0,0.0,95.3780153455287,0.9209718699746112,AUDp5,0.3072625698324022,0.0107253164986593,1,1,4026.0,241,1009,0.0006866666666666,-0.29905775,1.0,-37728.27164816012,351791.6383703784,0.0,0.0,0.0477336455953026,0.2,7.164436,140.0,AUDp,0.0767511177347242,0.0002483854942871,0.0,713655_2024-08-09_C-1032,,
1931,0.08398328096385425,199.64881134033203,7.099004892280374e-05,,,145.08,8475.0,2725.0,1425.0,1034,4.166846264205045,sua,0.96,True,18005120322,,,,probeC,0.0310529844667778,9.2,2.1023952372511125,0.0002,True,True,3.0,0.0295323455409785,85.14996792545321,1.927238034402895,AUDp5,0.3211009174311927,0.0049410481837388,1,1,16106.0,246,1014,0.0006433333333333,-0.41989154,1.0,-100155.91464861495,487364.3189036717,0.0453257291740473,3.0,0.0501272264177398,0.07,10.081263,120.0,AUDp,0.0747547497826896,6.208866261020738e-05,0.0,713655_2024-08-09_C-1034,,
1946,0.08493197382608704,70.63521194458008,0.0009945664582538,0.2966566979885101,0.1653286844491958,49.14,8600.0,2425.0,1525.0,1049,4.086986562382385,mua,0.5800000000000001,True,18005120322,,,,probeC,0.0237170370426904,1.6,0.5733093183910893,0.0002666666666666,True,True,1.0,0.1323815351751763,124.12219070580188,0.129942684183507,AUDpo5,0.5620437956204379,0.0052094043457399,1,1,4392.0,274,1042,0.00066,-0.39545858,1.0,-34453.51542932757,217781.47837302837,0.2235623692308114,1.0,0.0806795353338241,,4.8639693,140.0,AUDpo,0.0632969034608378,0.0002276867030965,0.0,713655_2024-08-09_C-1049,,
1947,0.013032410393324978,65.26261901855469,3.732804092414451e-05,0.2454849779605865,0.0974023997783661,44.46,8600.0,2425.0,1525.0,1051,2.988363037210754,sua,0.55,True,18005120322,10.467586006705217,32.804931640625,10.607489437040664,probeC,0.0232663159468907,6.6000000000000005,5.127672278014293,0.0002233333333333,True,True,11.0,0.0182036123506464,109.3859949363965,0.3843955631190169,AUDpo5,0.3722627737226277,0.0098361779422852,1,1,39282.0,275,1043,0.0005966666666666,-0.47762507,1.0,-45485.06951946968,133556.06384672128,0.012489548283605,5.0,0.0328629457052721,0.01,4.2425423,140.0,AUDpo,0.0679955195763963,7.63708568810142e-05,0.0,713655_2024-08-09_C-1051,378.8197379123778,
1948,0.008218971750318207,58.097530364990234,0.001905963377479,0.2961649596691131,0.1583498954772946,37.44,8600.0,2425.0,1525.0,1052,2.167129228470255,mua,0.83,True,18005120322,,,,probeC,0.0183818593524873,0.4,0.1240081631310416,0.0003033333333333,True,True,0.0,0.0,90.58180614277347,1.1665812790352263,AUDpo5,0.1654501216545012,0.0074713825484954,1,1,950.0,275,1043,0.0006666666666666,-0.51421887,1.0,-36384.88299913993,106710.70747316908,0.0,0.0,0.0306442460251247,,3.680916,160.0,AUDpo,0.0863157894736842,0.0,0.0,713655_2024-08-09_C-1052,,
1992,0.07617555895631324,69.52140235900879,0.0002039424245837,0.4552489519119262,0.3084682106971741,46.8,8200.0,3500.0,1375.0,1097,2.7279883338554494,mua,0.5,True,18005120322,,,,probeC,0.0236659957974441,0.8,0.1694343113095706,0.00019,True,True,0.0,0.0,83.6032165187207,1.9114964321277963,AUDv6a,0.1676646706586826,0.0052883148581307,1,1,1298.0,161,929,0.0005966666666666,-0.35608888,0.9763779527559056,-33436.746665969804,247569.80804610296,0.0,0.0,0.0317584385929547,,4.9332175,140.0,AUDv,0.0870570107858243,0.0007704160246533,0.0,713655_2024-08-09_C-1097,226.2885809144701,
1994,0.017158625449127086,84.30081367492676,0.0022087023957218,0.2231270223855972,0.099381510913372,63.179996,8225.0,3375.0,1375.0,1099,5.0240983418968925,sua,0.53,True,18005120322,,,,probeC,0.0254340474036477,0.4,0.0990759955962743,0.0002466666666666,True,True,0.0,0.0,136.44227087968576,0.0584468875622704,AUDv6a,0.5333333333333333,0.0045508575309899,1,1,759.0,174,942,0.0007033333333333,-0.35660505,0.968503937007874,-41578.40395015809,261627.4229047421,0.0,0.0,0.0710752426744284,,5.97148,120.0,AUDv,0.0500658761528326,0.0,0.0,713655_2024-08-09_C-1099,307.7961610884749,
1999,0.08691861556555193,53.9229621887207,0.000279515728866,0.4069432914257049,0.2101928487420081,37.44,8600.0,2450.0,1500.0,1104,2.450676533168888,mua,0.75,True,18005120322,,,,probeC,0.0195005488866913,0.4,0.1221806744112157,0.0003033333333333,True,True,0.0,0.0,76.67368123211409,2.361826434570085,AUDpo5,0.1603053435114503,0.0055110563428493,1,2,936.0,273,1041,0.0006266666666666,-0.45161262,0.9921259842519684,-27941.95973889077,125352.01509126431,0.0,0.0,0.0228539040191121,,3.56895,120.0,AUDpo,0.0897435897435897,0.0,0.0,713655_2024-08-09_C-1104,352.915026847861,
2001,0.0120223798802654,56.99771690368652,0.0005100113156208,0.3296692967414856,0.2147720895707606,39.78,8600.0,2450.0,1500.0,1106,2.7226370429589792,mua,0.72,True,18005120322,,,,probeC,0.0201573466170833,0.8,0.2613308869351003,0.00026,True,True,0.0,0.0,93.0347963400956,1.04082506317164,AUDpo5,0.232824427480916,0.0077360169781611,1,2,2002.0,273,1041,0.0006433333333333,-0.3735294,1.0,-29167.79478701945,139561.96556800144,0.0,0.0,0.0419873593342593,,3.99073,140.0,AUDpo,0.0774225774225774,0.0,0.0,713655_2024-08-09_C-1106,374.827570780676,
