id,start_time,stop_time,quiescent_start_time,quiescent_stop_time,stim_start_time,stim_stop_time,response_window_start_time,response_window_stop_time,task_control_response_time,response_time,reward_time,post_response_window_start_time,post_response_window_stop_time,stim_name,grating_phase,block_index,rewarded_modality,trial_index,trial_index_in_block,repeat_index,is_response,is_correct,is_incorrect,is_hit,is_false_alarm,is_correct_reject,is_miss,is_go,is_nogo,is_rewarded,is_noncontingent_reward,is_contingent_reward,is_reward_scheduled,is_instruction,is_aud_stim,is_vis_stim,is_catch,is_target,is_aud_target,is_vis_target,is_nontarget,is_aud_nontarget,is_vis_nontarget,is_vis_rewarded,is_aud_rewarded,is_block_switch,is_repeat,is_opto,is_task_control_correct
7,2454.25,2459.7547,2454.25,2455.71795,2455.75916,2456.25916,2455.83469,2456.75216,2456.11829,2456.10614,,2456.7798799999996,2459.7823999999996,sound2,,0,aud,7,7.0,0.0,True,False,True,False,True,False,False,False,True,False,False,False,False,False,True,False,False,False,False,False,True,True,False,False,True,False,False,False,False
11,2483.80819,2489.31279,2483.80819,2485.27603,2485.31712,2485.81712,2485.39281,2486.3103,2485.74316,2485.74029,,2486.33803,2489.3405199999997,sound2,,0,aud,11,11.0,0.0,True,False,True,False,True,False,False,False,True,False,False,False,False,False,True,False,False,False,False,False,True,True,False,False,True,False,False,False,False
15,2511.51472,2517.01935,2511.51472,2512.98257,2513.02403,2513.52403,2513.09941,2514.01683,2513.66649,2513.66058,,2514.044615,2517.047125,sound2,,0,aud,15,15.0,0.0,True,False,True,False,True,False,False,False,True,False,False,False,False,False,True,False,False,False,False,False,True,True,False,False,True,False,False,False,False
22,2560.48905,2565.99387,2560.48905,2561.95696,2561.99801,2562.49801,2562.07372,2562.99114,,,,2563.0185699999997,2566.0210899999997,sound2,,0,aud,22,22.0,0.0,False,True,False,False,False,True,False,False,True,False,False,False,False,False,True,False,False,False,False,False,True,True,False,False,True,False,False,False,False
24,2583.42497,2588.96291,2583.42497,2584.9095,2584.95113,2585.45113,2585.02633,2585.94378,2585.42667,2585.41225,,2585.9714999999997,2588.990355,sound2,,0,aud,24,24.0,0.0,True,False,True,False,True,False,False,False,True,False,False,False,False,False,True,False,False,False,False,False,True,True,False,False,True,False,False,False,False
28,2620.5394,2626.04401,2620.5394,2622.00731,2622.0486,2622.5486,2622.12403,2623.04151,2622.47435,2622.45964,,2623.0688999999998,2626.0714199999998,sound2,,0,aud,28,28.0,0.0,True,False,True,False,True,False,False,False,True,False,False,False,False,False,True,False,False,False,False,False,True,True,False,False,True,False,False,False,False
36,2676.83659,2682.3412,2676.83659,2678.30447,2678.34557,2678.84557,2678.42128,2679.33864,2678.75481,2678.75215,,2679.366105,2682.3686224999997,sound2,,0,aud,36,36.0,0.0,True,False,True,False,True,False,False,False,True,False,False,False,False,False,True,False,False,False,False,False,True,True,False,False,True,False,False,False,False
37,2682.45795,2687.96257,2682.45795,2683.92581,2683.96726,2684.46726,2684.04263,2684.96002,2684.45965,2684.45426,,2684.98748,2687.99001,sound2,,0,aud,37,37.0,0.0,True,False,True,False,True,False,False,False,True,False,False,False,False,False,True,False,False,False,False,False,True,True,False,False,True,False,False,False,False
38,2693.30038,2698.80496,2693.30038,2694.76829,2694.80965,2695.30965,2694.88505,2695.80248,2695.18524,2695.1783,,2695.82991,2698.83243,sound2,,0,aud,38,38.0,0.0,True,False,True,False,True,False,False,False,True,False,False,False,False,False,True,False,False,False,False,False,True,True,False,False,True,False,False,False,False
39,2699.03851,2704.54311,2699.03851,2700.50643,2700.54779,2701.04779,2700.62316,2701.54079,2701.09022,2701.08837,,2701.5682749999996,2704.57078,sound2,,0,aud,39,39.0,0.0,True,False,True,False,True,False,False,False,True,False,False,False,False,False,True,False,False,False,False,False,True,True,False,False,True,False,False,False,False
53,2818.53862,2824.04324,2818.53862,2820.00657,2820.04744,2820.54744,2820.12334,2821.04074,2820.49031,2820.4786,,2821.0681799999998,2824.07069,sound2,,0,aud,53,53.0,0.0,True,False,True,False,True,False,False,False,True,False,False,False,False,False,True,False,False,False,False,False,True,True,False,False,True,False,False,False,False
63,2915.30304,2920.8077,2915.30304,2916.77093,2916.81214,2917.31214,2916.88764,2917.80515,2917.238,2917.22521,,2917.8326099999995,2920.8351399999997,sound2,,0,aud,63,63.0,0.0,True,False,True,False,True,False,False,False,True,False,False,False,False,False,True,False,False,False,False,False,True,True,False,False,True,False,False,False,False
64,2922.05871,2927.56333,2922.05871,2923.52658,2923.56811,2924.06811,2923.64338,2924.56081,2924.11042,2924.0955,,2924.5882899999997,2927.5908,sound2,,0,aud,64,64.0,0.0,True,False,True,False,True,False,False,False,True,False,False,False,False,False,True,False,False,False,False,False,True,True,False,False,True,False,False,False,False
69,2953.23484,2958.73948,2953.23484,2954.70276,2954.74386,2955.24386,2954.81951,2955.73691,2955.20319,2955.18969,,2955.7645399999997,2958.7670599999997,sound2,,0,aud,69,69.0,0.0,True,False,True,False,True,False,False,False,True,False,False,False,False,False,True,False,False,False,False,False,True,True,False,False,True,False,False,False,False
71,2964.84459,2970.34918,2964.84459,2966.31248,2966.35328,2966.85328,2966.42921,2967.34664,,,,2967.3742899999997,2970.3768,sound2,,0,aud,71,71.0,0.0,False,True,False,False,False,True,False,False,True,False,False,False,False,False,True,False,False,False,False,False,True,True,False,False,True,False,False,False,False
74,2986.94641,2992.45103,2986.94641,2988.41436,2988.45505,2988.95505,2988.53112,2989.44855,2988.93141,2988.92141,,2989.4759999999997,2992.47853,sound2,,0,aud,74,74.0,0.0,True,False,True,False,True,False,False,False,True,False,False,False,False,False,True,False,False,False,False,False,True,True,False,False,True,False,False,False,False
82,3038.13936,3043.64393,3038.13936,3039.60719,3039.64842,3040.14842,3039.72398,3040.64141,,,,3040.66902,3043.67154,sound2,,1,vis,82,5.0,0.0,False,True,False,False,False,True,False,False,True,False,False,False,False,False,True,False,False,False,False,False,True,True,False,True,False,False,False,False,False
92,3106.63002,3112.1347,3106.63002,3108.09792,3108.13934,3108.63934,3108.21468,3109.13214,,,,3109.15964,3112.16216,sound2,,1,vis,92,15.0,0.0,False,True,False,False,False,True,False,False,True,False,False,False,False,False,True,False,False,False,False,False,True,True,False,True,False,False,False,False,False
99,3149.83294,3155.33752,3149.83294,3151.30081,3151.34154,3151.84154,3151.41754,3152.33503,,,,3152.3626,3155.36512,sound2,,1,vis,99,22.0,0.0,False,True,False,False,False,True,False,False,True,False,False,False,False,False,True,False,False,False,False,False,True,True,False,True,False,False,False,False,False
102,3170.96732,3176.4719,3170.96732,3172.43521,3172.47613,3172.97613,3172.55191,3173.46934,3172.95227,3172.9474,,3173.49687,3176.49939,sound2,,1,vis,102,25.0,0.0,True,False,True,False,True,False,False,False,True,False,False,False,False,False,True,False,False,False,False,False,True,True,False,True,False,False,False,False,False
104,3182.66045,3188.16506,3182.66045,3184.12831,3184.16946,3184.66946,3184.24505,3185.1625,,,,3185.1899999999996,3188.19253,sound2,,1,vis,104,27.0,0.0,False,True,False,False,False,True,False,False,True,False,False,False,False,False,True,False,False,False,False,False,True,True,False,True,False,False,False,False,False
111,3232.01846,3237.52309,3232.01846,3233.4863,3233.52679,3234.02679,3233.60306,3234.5205,,,,3234.54813,3237.55066,sound2,,1,vis,111,34.0,0.0,False,True,False,False,False,True,False,False,True,False,False,False,False,False,True,False,False,False,False,False,True,True,False,True,False,False,False,False,False
114,3251.56816,3257.07279,3251.56816,3253.03603,3253.07689,3253.57689,3253.15279,3254.07025,,,,3254.09785,3257.100375,sound2,,1,vis,114,37.0,0.0,False,True,False,False,False,True,False,False,True,False,False,False,False,False,True,False,False,False,False,False,True,True,False,True,False,False,False,False,False
119,3283.07788,3288.58251,3283.07788,3284.54579,3284.58661,3285.08661,3284.66257,3285.57996,,,,3285.60747,3288.6099799999997,sound2,,1,vis,119,42.0,0.0,False,True,False,False,False,True,False,False,True,False,False,False,False,False,True,False,False,False,False,False,True,True,False,True,False,False,False,False,False
122,3306.38072,3311.88533,3306.38072,3307.84862,3307.88954,3308.38954,3307.96539,3308.88285,,,,3308.9104399999997,3311.91298,sound2,,1,vis,122,45.0,0.0,False,True,False,False,False,True,False,False,True,False,False,False,False,False,True,False,False,False,False,False,True,True,False,True,False,False,False,False,False
124,3320.72607,3326.23072,3320.72607,3322.19399,3322.23517,3322.73517,3322.31076,3323.22818,,,,3323.2558099999997,3326.2583399999994,sound2,,1,vis,124,47.0,0.0,False,True,False,False,False,True,False,False,True,False,False,False,False,False,True,False,False,False,False,False,True,True,False,True,False,False,False,False,False
133,3377.10671,3382.6113,3377.10671,3378.57455,3378.6161,3379.1161,3378.69137,3379.6088,,,,3379.6364049999997,3382.6389149999995,sound2,,1,vis,133,56.0,0.0,False,True,False,False,False,True,False,False,True,False,False,False,False,False,True,False,False,False,False,False,True,True,False,True,False,False,False,False,False
135,3390.25103,3395.77234,3390.25103,3391.71893,3391.75982,3392.25982,3391.83565,3392.75313,,,,3392.7807599999996,3395.7997874999996,sound2,,1,vis,135,58.0,0.0,False,True,False,False,False,True,False,False,True,False,False,False,False,False,True,False,False,False,False,False,True,True,False,True,False,False,False,False,False
138,3410.41796,3415.93919,3410.41796,3411.88582,3411.92678,3412.42678,3412.00256,3412.92004,,,,3412.947495,3415.9668524999997,sound2,,1,vis,138,61.0,0.0,False,True,False,False,False,True,False,False,True,False,False,False,False,False,True,False,False,False,False,False,True,True,False,True,False,False,False,False,False
140,3421.61061,3427.11525,3421.61061,3423.0785,3423.11972,3423.61972,3423.19531,3424.11273,3423.79581,3423.78338,,3424.1403599999994,3427.142895,sound2,,1,vis,140,63.0,0.0,True,False,True,False,True,False,False,False,True,False,False,False,False,False,True,False,False,False,False,False,True,True,False,True,False,False,False,False,False
141,3427.76578,3433.28712,3427.76578,3429.23367,3429.27439,3429.77439,3429.35042,3430.26788,,,,3430.2955199999997,3433.3145499999996,sound2,,1,vis,141,64.0,0.0,False,True,False,False,False,True,False,False,True,False,False,False,False,False,True,False,False,False,False,False,True,True,False,True,False,False,False,False,False
158,3533.10403,3538.64203,3533.10403,3534.57196,3534.61341,3535.11341,3534.68871,3535.60618,,,,3535.63364,3538.66952,sound2,,1,vis,158,81.0,0.0,False,True,False,False,False,True,False,False,True,False,False,False,False,False,True,False,False,False,False,False,True,True,False,True,False,False,False,False,False
161,3563.54622,3569.05086,3563.54622,3565.01412,3565.05486,3565.55486,3565.13088,3566.0483,,,,3566.075805,3569.0783374999996,sound2,,1,vis,161,84.0,0.0,False,True,False,False,False,True,False,False,True,False,False,False,False,False,True,False,False,False,False,False,True,True,False,True,False,False,False,False,False
163,3577.39114,3582.91245,3577.39114,3578.8591,3578.90011,3579.40011,3578.97583,3579.89323,,,,3579.92087,3582.93995,sound2,,1,vis,163,86.0,0.0,False,True,False,False,False,True,False,False,True,False,False,False,False,False,True,False,False,False,False,False,True,True,False,True,False,False,False,False,False
166,3595.38955,3600.91088,3595.38955,3596.85748,3596.8989,3597.3989,3596.9742,3597.89164,,,,3597.9192699999994,3600.9383749999997,sound2,,1,vis,166,89.0,0.0,False,True,False,False,False,True,False,False,True,False,False,False,False,False,True,False,False,False,False,False,True,True,False,True,False,False,False,False,False
168,3607.03266,3612.55396,3607.03266,3608.50059,3608.54226,3609.04226,3608.61732,3609.53477,,,,3609.5622399999997,3612.58157,sound2,,1,vis,168,91.0,0.0,False,True,False,False,False,True,False,False,True,False,False,False,False,False,True,False,False,False,False,False,True,True,False,True,False,False,False,False,False
174,3646.19881,3651.7034,3646.19881,3647.66669,3647.70809,3648.20809,3647.78347,3648.7009,,,,3648.7285249999995,3651.73103,sound2,,2,aud,174,5.0,0.0,False,True,False,False,False,True,False,False,True,False,False,False,False,False,True,False,False,False,False,False,True,True,False,False,True,False,False,False,False
185,3719.10991,3724.63117,3719.10991,3720.57779,3720.61924,3721.11924,3720.69461,3721.61203,3721.12823,3721.12183,,3721.6396,3724.6587099999997,sound2,,2,aud,185,16.0,0.0,True,False,True,False,True,False,False,False,True,False,False,False,False,False,True,False,False,False,False,False,True,True,False,False,True,False,False,False,False
191,3757.37533,3762.89663,3757.37533,3758.84322,3758.88399,3759.38399,3758.95995,3759.87736,,,,3759.90499,3762.9240999999997,sound2,,2,aud,191,22.0,0.0,False,True,False,False,False,True,False,False,True,False,False,False,False,False,True,False,False,False,False,False,True,True,False,False,True,False,False,False,False
192,3766.51632,3772.03766,3766.51632,3767.98419,3768.0252,3768.5252,3768.10096,3769.01839,,,,3769.04589,3772.06519,sound2,,2,aud,192,23.0,0.0,False,True,False,False,False,True,False,False,True,False,False,False,False,False,True,False,False,False,False,False,True,True,False,False,True,False,False,False,False
194,3778.8099,3784.33125,3778.8099,3780.27786,3780.31867,3780.81867,3780.39462,3781.31208,,,,3781.33952,3784.3588099999997,sound2,,2,aud,194,25.0,0.0,False,True,False,False,False,True,False,False,True,False,False,False,False,False,True,False,False,False,False,False,True,True,False,False,True,False,False,False,False
206,3856.75856,3862.26311,3856.75856,3858.22647,3858.26742,3858.76742,3858.34326,3859.26064,,,,3859.2882499999996,3862.2907699999996,sound2,,2,aud,206,37.0,0.0,False,True,False,False,False,True,False,False,True,False,False,False,False,False,True,False,False,False,False,False,True,True,False,False,True,False,False,False,False
211,3889.15239,3894.65701,3889.15239,3890.62025,3890.66138,3891.16138,3890.73709,3891.65453,3891.00396,3890.99496,,3891.68205,3894.6845799999996,sound2,,2,aud,211,42.0,0.0,True,False,True,False,True,False,False,False,True,False,False,False,False,False,True,False,False,False,False,False,True,True,False,False,True,False,False,False,False
213,3905.11572,3910.63705,3905.11572,3906.58369,3906.62428,3907.12428,3906.70042,3907.61788,,,,3907.64544,3910.66457,sound2,,2,aud,213,44.0,0.0,False,True,False,False,False,True,False,False,True,False,False,False,False,False,True,False,False,False,False,False,True,True,False,False,True,False,False,False,False
214,3914.7405,3920.27849,3914.7405,3916.20838,3916.24988,3916.74988,3916.32516,3917.25926,,,,3917.286855,3920.30599,sound2,,2,aud,214,45.0,0.0,False,True,False,False,False,True,False,False,True,False,False,False,False,False,True,False,False,False,False,False,True,True,False,False,True,False,False,False,False
218,3940.46204,3945.98335,3940.46204,3941.92994,3941.97046,3942.47046,3942.04672,3942.96414,,,,3942.99165,3946.010915,sound2,,2,aud,218,49.0,0.0,False,True,False,False,False,True,False,False,True,False,False,False,False,False,True,False,False,False,False,False,True,True,False,False,True,False,False,False,False
220,3954.02341,3959.52809,3954.02341,3955.49127,3955.53279,3956.03279,3955.6081,3956.52551,3955.97507,3955.97059,,3956.55302,3959.55554,sound2,,2,aud,220,51.0,0.0,True,False,True,False,True,False,False,False,True,False,False,False,False,False,True,False,False,False,False,False,True,True,False,False,True,False,False,False,False
223,3975.14109,3980.64574,3975.14109,3976.60901,3976.64996,3977.14996,3976.72572,3977.64318,,,,3977.67076,3980.6733074999997,sound2,,2,aud,223,54.0,0.0,False,True,False,False,False,True,False,False,True,False,False,False,False,False,True,False,False,False,False,False,True,True,False,False,True,False,False,False,False
226,3993.99021,3999.49486,3993.99021,3995.45815,3995.49974,3995.99974,3995.57503,3996.49235,,,,3996.51991,3999.5224299999995,sound2,,2,aud,226,57.0,0.0,False,True,False,False,False,True,False,False,True,False,False,False,False,False,True,False,False,False,False,False,True,True,False,False,True,False,False,False,False
230,4023.91534,4029.4366,4023.91534,4025.38318,4025.42453,4025.92453,4025.49999,4026.41737,,,,4026.4449999999997,4029.4640875,sound2,,2,aud,230,61.0,0.0,False,True,False,False,False,True,False,False,True,False,False,False,False,False,True,False,False,False,False,False,True,True,False,False,True,False,False,False,False
231,4030.12052,4035.62511,4030.12052,4031.5884,4031.62894,4032.12894,4031.70516,4032.6226,4032.28902,4032.28922,,4032.6500899999996,4035.6526099999996,sound2,,2,aud,231,62.0,0.0,True,False,True,False,True,False,False,False,True,False,False,False,False,False,True,False,False,False,False,False,True,True,False,False,True,False,False,False,False
242,4100.34598,4105.8673,4100.34598,4101.81393,4101.85478,4102.35478,4101.93066,4102.84812,4102.36436,4102.35987,,4102.875684999999,4105.8948,sound2,,2,aud,242,73.0,0.0,True,False,True,False,True,False,False,False,True,False,False,False,False,False,True,False,False,False,False,False,True,True,False,False,True,False,False,False,False
243,4106.91814,4112.43944,4106.91814,4108.38607,4108.42711,4108.92711,4108.50281,4109.42027,,,,4109.44777,4112.46706,sound2,,2,aud,243,74.0,0.0,False,True,False,False,False,True,False,False,True,False,False,False,False,False,True,False,False,False,False,False,True,True,False,False,True,False,False,False,False
246,4128.26939,4133.7907,4128.26939,4129.73726,4129.77811,4130.27811,4129.85408,4130.77146,4130.27104,4130.26284,,4130.799085,4133.8182,sound2,,2,aud,246,77.0,0.0,True,False,True,False,True,False,False,False,True,False,False,False,False,False,True,False,False,False,False,False,True,True,False,False,True,False,False,False,False
249,4147.86913,4153.3738,4147.86913,4149.33704,4149.37814,4149.87814,4149.45378,4150.37122,,,,4150.398749999999,4153.401275,sound2,,2,aud,249,80.0,0.0,False,True,False,False,False,True,False,False,True,False,False,False,False,False,True,False,False,False,False,False,True,True,False,False,True,False,False,False,False
257,4201.6976,4207.21891,4201.6976,4203.16549,4203.20694,4203.70694,4203.28222,4204.19967,4203.766,4203.76089,,4204.22719,4207.246459999999,sound2,,2,aud,257,88.0,0.0,True,False,True,False,True,False,False,False,True,False,False,False,False,False,True,False,False,False,False,False,True,True,False,False,True,False,False,False,False
266,4266.68539,4272.18996,4266.68539,4268.1533,4268.19457,4268.69457,4268.27006,4269.18744,,,,4269.2149899999995,4272.2175099999995,sound2,,3,vis,266,6.0,0.0,False,True,False,False,False,True,False,False,True,False,False,False,False,False,True,False,False,False,False,False,True,True,False,True,False,False,False,False,False
269,4302.58208,4308.08676,4302.58208,4304.04998,4304.09105,4304.59105,4304.16678,4305.08421,,,,4305.111779999999,4308.1142975,sound2,,3,vis,269,9.0,0.0,False,True,False,False,False,True,False,False,True,False,False,False,False,False,True,False,False,False,False,False,True,True,False,True,False,False,False,False,False
270,4308.58715,4314.10842,4308.58715,4310.05501,4310.09602,4310.59602,4310.17182,4311.08928,,,,4311.1168,4314.135969999999,sound2,,3,vis,270,10.0,0.0,False,True,False,False,False,True,False,False,True,False,False,False,False,False,True,False,False,False,False,False,True,True,False,True,False,False,False,False,False
282,4391.33981,4396.86108,4391.33981,4392.80766,4392.84917,4393.34917,4392.92445,4393.84189,,,,4393.869435,4396.8886975000005,sound2,,3,vis,282,22.0,0.0,False,True,False,False,False,True,False,False,True,False,False,False,False,False,True,False,False,False,False,False,True,True,False,True,False,False,False,False,False
285,4410.8061,4416.3274,4410.8061,4412.27404,4412.31514,4412.81514,4412.39079,4413.30821,,,,4413.3357399999995,4416.35499,sound2,,3,vis,285,25.0,0.0,False,True,False,False,False,True,False,False,True,False,False,False,False,False,True,False,False,False,False,False,True,True,False,True,False,False,False,False,False
289,4440.19741,4445.70205,4440.19741,4441.66531,4441.70647,4442.20647,4441.78208,4442.69951,,,,4442.727095,4445.7296,sound2,,3,vis,289,29.0,0.0,False,True,False,False,False,True,False,False,True,False,False,False,False,False,True,False,False,False,False,False,True,True,False,True,False,False,False,False,False
291,4459.26335,4464.78472,4459.26335,4460.73125,4460.77237,4461.27237,4460.84805,4461.76548,,,,4461.7930049999995,4464.812255,sound2,,3,vis,291,31.0,0.0,False,True,False,False,False,True,False,False,True,False,False,False,False,False,True,False,False,False,False,False,True,True,False,True,False,False,False,False,False
294,4479.02996,4484.55127,4479.02996,4480.49788,4480.53864,4481.03864,4480.6146,4481.53205,,,,4481.559615,4484.578765,sound2,,3,vis,294,34.0,0.0,False,True,False,False,False,True,False,False,True,False,False,False,False,False,True,False,False,False,False,False,True,True,False,True,False,False,False,False,False
298,4505.65223,4511.17358,4505.65223,4507.12015,4507.16142,4507.66142,4507.23696,4508.15437,,,,4508.181869999999,4511.2011299999995,sound2,,3,vis,298,38.0,0.0,False,True,False,False,False,True,False,False,True,False,False,False,False,False,True,False,False,False,False,False,True,True,False,True,False,False,False,False,False
299,4511.52385,4517.02859,4511.52385,4512.99173,4513.03229,4513.53229,4513.10853,4514.02596,,,,4514.0535,4517.056044999999,sound2,,3,vis,299,39.0,0.0,False,True,False,False,False,True,False,False,True,False,False,False,False,False,True,False,False,False,False,False,True,True,False,True,False,False,False,False,False
315,4624.31838,4629.83965,4624.31838,4625.78629,4625.82691,4626.32691,4625.90299,4626.82047,,,,4626.84796,4629.8672,sound2,,3,vis,315,55.0,0.0,False,True,False,False,False,True,False,False,True,False,False,False,False,False,True,False,False,False,False,False,True,True,False,True,False,False,False,False,False
319,4648.55537,4654.05991,4648.55537,4650.02323,4650.06479,4650.56479,4650.14002,4651.05741,,,,4651.084989999999,4654.087509999999,sound2,,3,vis,319,59.0,0.0,False,True,False,False,False,True,False,False,True,False,False,False,False,False,True,False,False,False,False,False,True,True,False,True,False,False,False,False,False
320,4654.47695,4659.99828,4654.47695,4655.94485,4655.98539,4656.48539,4656.06159,4656.97904,,,,4657.00662,4660.025777499999,sound2,,3,vis,320,60.0,0.0,False,True,False,False,False,True,False,False,True,False,False,False,False,False,True,False,False,False,False,False,True,True,False,True,False,False,False,False,False
322,4665.91989,4671.44114,4665.91989,4667.38774,4667.42841,4667.92841,4667.50454,4668.42194,,,,4668.44949,4671.46874,sound2,,3,vis,322,62.0,0.0,False,True,False,False,False,True,False,False,True,False,False,False,False,False,True,False,False,False,False,False,True,True,False,True,False,False,False,False,False
326,4691.95836,4697.47967,4691.95836,4693.42626,4693.46779,4693.96779,4693.54297,4694.46042,,,,4694.4880299999995,4697.50718,sound2,,3,vis,326,66.0,0.0,False,True,False,False,False,True,False,False,True,False,False,False,False,False,True,False,False,False,False,False,True,True,False,True,False,False,False,False,False
332,4731.25797,4736.77929,4731.25797,4732.72586,4732.76641,4733.26641,4732.84263,4733.76006,,,,4733.78757,4736.806805,sound2,,3,vis,332,72.0,0.0,False,True,False,False,False,True,False,False,True,False,False,False,False,False,True,False,False,False,False,False,True,True,False,True,False,False,False,False,False
338,4784.50261,4790.04051,4784.50261,4785.9705,4786.0118,4786.5118,4786.08722,4787.02138,,,,4787.04887,4790.0680999999995,sound2,,3,vis,338,78.0,0.0,False,True,False,False,False,True,False,False,True,False,False,False,False,False,True,False,False,False,False,False,True,True,False,True,False,False,False,False,False
347,5059.04929,5064.58722,5059.04929,5060.51712,5060.55854,5061.05854,5060.63396,5061.55138,,,,5061.578939999999,5064.61482,sound2,,4,aud,347,7.0,0.0,False,True,False,False,False,True,False,False,True,False,False,False,False,False,True,False,False,False,False,False,True,True,False,False,True,False,False,False,False
349,5070.90923,5076.43047,5070.90923,5072.37706,5072.41852,5072.91852,5072.4939,5073.4113,,,,5073.43886,5076.458,sound2,,4,aud,349,9.0,0.0,False,True,False,False,False,True,False,False,True,False,False,False,False,False,True,False,False,False,False,False,True,True,False,False,True,False,False,False,False
352,5091.32632,5096.83092,5091.32632,5092.79421,5092.83579,5093.33579,5092.91101,5093.82838,,,,5093.8559000000005,5096.85842,sound2,,4,aud,352,12.0,0.0,False,True,False,False,False,True,False,False,True,False,False,False,False,False,True,False,False,False,False,False,True,True,False,False,True,False,False,False,False
355,5110.87601,5116.39731,5110.87601,5112.34389,5112.38518,5112.88518,5112.4607,5113.37811,,,,5113.4056199999995,5116.42489,sound2,,4,aud,355,15.0,0.0,False,True,False,False,False,True,False,False,True,False,False,False,False,False,True,False,False,False,False,False,True,True,False,False,True,False,False,False,False
359,5135.0463,5140.56753,5135.0463,5136.51417,5136.55555,5137.05555,5136.63089,5137.54833,,,,5137.57587,5140.59513,sound2,,4,aud,359,19.0,0.0,False,True,False,False,False,True,False,False,True,False,False,False,False,False,True,False,False,False,False,False,True,True,False,False,True,False,False,False,False
375,5237.24856,5242.75315,5237.24856,5238.71648,5238.7577,5239.2577,5238.83322,5239.75066,5239.38368,5239.37484,,5239.7781749999995,5242.7806949999995,sound2,,4,aud,375,35.0,0.0,True,False,True,False,True,False,False,False,True,False,False,False,False,False,True,False,False,False,False,False,True,True,False,False,True,False,False,False,False
378,5261.28541,5266.79001,5261.28541,5262.75324,5262.79471,5263.29471,5262.87,5263.7875,,,,5263.814969999999,5266.8175,sound2,,4,aud,378,38.0,0.0,False,True,False,False,False,True,False,False,True,False,False,False,False,False,True,False,False,False,False,False,True,True,False,False,True,False,False,False,False
383,5296.39811,5301.91945,5296.39811,5297.86603,5297.90668,5298.40668,5297.98275,5298.90019,,,,5298.92772,5301.9469874999995,sound2,,4,aud,383,43.0,0.0,False,True,False,False,False,True,False,False,True,False,False,False,False,False,True,False,False,False,False,False,True,True,False,False,True,False,False,False,False
384,5304.40481,5309.92615,5304.40481,5305.8727,5305.91337,5306.41337,5305.98949,5306.90695,,,,5306.93447,5309.95366,sound2,,4,aud,384,44.0,0.0,False,True,False,False,False,True,False,False,True,False,False,False,False,False,True,False,False,False,False,False,True,True,False,False,True,False,False,False,False
392,5369.24246,5374.76381,5369.24246,5370.71041,5370.75187,5371.25187,5370.82715,5371.74459,,,,5371.772139999999,5374.791315,sound2,,4,aud,392,52.0,0.0,False,True,False,False,False,True,False,False,True,False,False,False,False,False,True,False,False,False,False,False,True,True,False,False,True,False,False,False,False
398,5406.44028,5411.94494,5406.44028,5407.90821,5407.94905,5408.44905,5408.02499,5408.94239,,,,5408.969975,5411.97249,sound2,,4,aud,398,58.0,0.0,False,True,False,False,False,True,False,False,True,False,False,False,False,False,True,False,False,False,False,False,True,True,False,False,True,False,False,False,False
406,5458.50058,5464.00525,5458.50058,5459.96853,5460.0097,5460.5097,5460.08528,5461.00266,,,,5461.03027,5464.0328,sound2,,4,aud,406,66.0,0.0,False,True,False,False,False,True,False,False,True,False,False,False,False,False,True,False,False,False,False,False,True,True,False,False,True,False,False,False,False
407,5467.308,5472.84597,5467.308,5468.7759,5468.81713,5469.31713,5468.89266,5469.82676,,,,5469.85426,5472.87354,sound2,,4,aud,407,67.0,0.0,False,True,False,False,False,True,False,False,True,False,False,False,False,False,True,False,False,False,False,False,True,True,False,False,True,False,False,False,False
408,5473.86348,5479.38479,5473.86348,5475.33138,5475.37228,5475.87228,5475.44816,5476.36556,,,,5476.393155,5479.412259999999,sound2,,4,aud,408,68.0,0.0,False,True,False,False,False,True,False,False,True,False,False,False,False,False,True,False,False,False,False,False,True,True,False,False,True,False,False,False,False
409,5480.01863,5485.52341,5480.01863,5481.48652,5481.52764,5482.02764,5481.60327,5482.52074,,,,5482.54821,5485.550783333333,sound2,,4,aud,409,69.0,0.0,False,True,False,False,False,True,False,False,True,False,False,False,False,False,True,False,False,False,False,False,True,True,False,False,True,False,False,False,False
420,5556.53274,5562.05401,5556.53274,5558.0006,5558.04203,5558.54203,5558.11743,5559.03486,,,,5559.06233,5562.08161,sound2,,4,aud,420,80.0,0.0,False,True,False,False,False,True,False,False,True,False,False,False,False,False,True,False,False,False,False,False,True,True,False,False,True,False,False,False,False
423,5582.33784,5587.87566,5582.33784,5583.8056,5583.84688,5584.34688,5583.92232,5584.85647,,,,5584.884045,5587.903179999999,sound2,,4,aud,423,83.0,0.0,False,True,False,False,False,True,False,False,True,False,False,False,False,False,True,False,False,False,False,False,True,True,False,False,True,False,False,False,False
425,5597.5171,5603.03837,5597.5171,5598.98498,5599.02579,5599.52579,5599.10173,5600.01926,,,,5600.0467499999995,5603.06588,sound2,,4,aud,425,85.0,0.0,False,True,False,False,False,True,False,False,True,False,False,False,False,False,True,False,False,False,False,False,True,True,False,False,True,False,False,False,False
435,5664.17293,5669.69422,5664.17293,5665.64085,5665.68243,5666.18243,5665.75757,5666.67507,,,,5666.70252,5669.7217925,sound2,,5,vis,435,9.0,0.0,False,True,False,False,False,True,False,False,True,False,False,False,False,False,True,False,False,False,False,False,True,True,False,True,False,False,False,False,False
436,5670.07786,5675.58252,5670.07786,5671.54578,5671.587,5672.087,5671.6625,5672.57994,,,,5672.60754,5675.61005,sound2,,5,vis,436,10.0,0.0,False,True,False,False,False,True,False,False,True,False,False,False,False,False,True,False,False,False,False,False,True,True,False,True,False,False,False,False,False
441,5701.98793,5707.5092,5701.98793,5703.45581,5703.49693,5703.99693,5703.57256,5704.49001,,,,5704.51755,5707.5368,sound2,,5,vis,441,15.0,0.0,False,True,False,False,False,True,False,False,True,False,False,False,False,False,True,False,False,False,False,False,True,True,False,True,False,False,False,False,False
448,5749.27755,5754.79895,5749.27755,5750.74546,5750.78686,5751.28686,5750.86222,5751.77966,,,,5751.807175,5754.8264175,sound2,,5,vis,448,22.0,0.0,False,True,False,False,False,True,False,False,True,False,False,False,False,False,True,False,False,False,False,False,True,True,False,True,False,False,False,False,False
449,5755.16579,5760.67047,5755.16579,5756.63372,5756.67515,5757.17515,5756.75049,5757.66795,,,,5757.69547,5760.6979949999995,sound2,,5,vis,449,23.0,0.0,False,True,False,False,False,True,False,False,True,False,False,False,False,False,True,False,False,False,False,False,True,True,False,True,False,False,False,False,False
457,5808.14354,5813.64813,5808.14354,5809.61148,5809.65255,5810.15255,5809.72822,5810.64562,,,,5810.67317,5813.67567,sound2,,5,vis,457,31.0,0.0,False,True,False,False,False,True,False,False,True,False,False,False,False,False,True,False,False,False,False,False,True,True,False,True,False,False,False,False,False
458,5814.23195,5819.75331,5814.23195,5815.69991,5815.74166,5816.24166,5815.81669,5816.73411,,,,5816.761605,5819.78082,sound2,,5,vis,458,32.0,0.0,False,True,False,False,False,True,False,False,True,False,False,False,False,False,True,False,False,False,False,False,True,True,False,True,False,False,False,False,False
463,5860.67094,5866.17558,5860.67094,5862.13879,5862.1799,5862.6799,5862.25551,5863.17295,,,,5863.200525,5866.20305,sound2,,5,vis,463,37.0,0.0,False,True,False,False,False,True,False,False,True,False,False,False,False,False,True,False,False,False,False,False,True,True,False,True,False,False,False,False,False
466,5881.80527,5887.30994,5881.80527,5883.27319,5883.31428,5883.81428,5883.38994,5884.30736,,,,5884.334895,5887.337415,sound2,,5,vis,466,40.0,0.0,False,True,False,False,False,True,False,False,True,False,False,False,False,False,True,False,False,False,False,False,True,True,False,True,False,False,False,False,False
468,5894.6494,5900.17066,5894.6494,5896.11726,5896.15769,5896.65769,5896.23401,5897.15147,,,,5897.178989999999,5900.19819,sound2,,5,vis,468,42.0,0.0,False,True,False,False,False,True,False,False,True,False,False,False,False,False,True,False,False,False,False,False,True,True,False,True,False,False,False,False,False
480,5973.39864,5978.90331,5973.39864,5974.8666,5974.90745,5975.40745,5974.98333,5975.90074,,,,5975.9283,5978.93082,sound2,,5,vis,480,54.0,0.0,False,True,False,False,False,True,False,False,True,False,False,False,False,False,True,False,False,False,False,False,True,True,False,True,False,False,False,False,False
484,5997.16865,6002.68998,5997.16865,5998.63645,5998.67737,5999.17737,5998.75328,5999.6707,,,,5999.69822,6002.71743,sound2,,5,vis,484,58.0,0.0,False,True,False,False,False,True,False,False,True,False,False,False,False,False,True,False,False,False,False,False,True,True,False,True,False,False,False,False,False
487,6014.81671,6020.32131,6014.81671,6016.28458,6016.32635,6016.82635,6016.40137,6017.3189,,,,6017.34635,6020.34887,sound2,,5,vis,487,61.0,0.0,False,True,False,False,False,True,False,False,True,False,False,False,False,False,True,False,False,False,False,False,True,True,False,True,False,False,False,False,False
488,6020.85509,6026.37639,6020.85509,6022.32296,6022.36456,6022.86456,6022.43984,6023.35722,,,,6023.38475,6026.4039,sound2,,5,vis,488,62.0,0.0,False,True,False,False,False,True,False,False,True,False,False,False,False,False,True,False,False,False,False,False,True,True,False,True,False,False,False,False,False
493,6051.781,6057.3023,6051.781,6053.24893,6053.28979,6053.78979,6053.36566,6054.2831,,,,6054.31061,6057.32986,sound2,,5,vis,493,67.0,0.0,False,True,False,False,False,True,False,False,True,False,False,False,False,False,True,False,False,False,False,False,True,True,False,True,False,False,False,False,False
501,6106.87717,6112.38178,6106.87717,6108.34506,6108.38671,6108.88671,6108.4618,6109.37929,,,,6109.40679,6112.4093,sound2,,5,vis,501,75.0,0.0,False,True,False,False,False,True,False,False,True,False,False,False,False,False,True,False,False,False,False,False,True,True,False,True,False,False,False,False,False
506,6142.30695,6147.82819,6142.30695,6143.7914,6143.83222,6144.33222,6143.90815,6144.82562,,,,6144.853169999999,6147.8557,sound2,,5,vis,506,80.0,0.0,False,True,False,False,False,True,False,False,True,False,False,False,False,False,True,False,False,False,False,False,True,True,False,True,False,False,False,False,False
508,6158.82071,6164.35866,6158.82071,6160.28857,6160.33,6160.83,6160.40536,6161.32289,,,,6161.3503,6164.3861799999995,sound2,,5,vis,508,82.0,0.0,False,True,False,False,False,True,False,False,True,False,False,False,False,False,True,False,False,False,False,False,True,True,False,True,False,False,False,False,False
