trial_idx,onset_time_s,onset_bin,is_valid,trial_id
0,0.13500000000000056,63,True,0
1,0.07500000000000051,57,True,1
2,0.10500000000000054,60,True,2
3,0.08500000000000052,58,True,3
4,0.09500000000000053,59,True,4
5,0.10500000000000054,60,True,13
6,0.11500000000000055,61,True,17
7,0.08500000000000052,58,True,18
8,0.10500000000000054,60,True,19
9,0.08500000000000052,58,True,27
10,0.08500000000000052,58,True,30
11,0.09500000000000053,59,True,41
12,0.07500000000000051,57,True,42
13,0.12500000000000056,62,True,47
14,0.07500000000000051,57,True,48
15,0.09500000000000053,59,True,51
16,0.45500000000000085,95,True,54
17,0.11500000000000055,61,True,55
18,0.055000000000000486,55,True,56
19,0.09500000000000053,59,True,65
20,0.09500000000000053,59,True,73
21,0.08500000000000052,58,True,87
22,0.09500000000000053,59,True,93
23,0.07500000000000051,57,True,96
24,0.09500000000000053,59,True,97
25,0.08500000000000052,58,True,100
26,0.11500000000000055,61,True,107
27,0.0650000000000005,56,True,108
28,0.09500000000000053,59,True,109
29,0.08500000000000052,58,True,110
30,0.08500000000000052,58,True,112
31,0.09500000000000053,59,True,126
32,0.10500000000000054,60,True,130
33,0.07500000000000051,57,True,136
34,0.09500000000000053,59,True,139
35,0.08500000000000052,58,True,142
36,0.1750000000000006,67,True,151
37,0.08500000000000052,58,True,154
38,0.055000000000000486,55,True,157
39,0.08500000000000052,58,True,162
40,0.10500000000000054,60,True,169
41,0.08500000000000052,58,True,170
42,0.07500000000000051,57,True,171
43,0.055000000000000486,55,True,172
44,0.08500000000000052,58,True,173
45,0.12500000000000056,62,True,180
46,0.12500000000000056,62,True,184
47,0.08500000000000052,58,True,189
48,0.10500000000000054,60,True,195
49,0.13500000000000056,63,True,197
50,0.07500000000000051,57,True,201
51,0.10500000000000054,60,True,207
52,0.10500000000000054,60,True,208
53,0.0650000000000005,56,True,215
54,0.10500000000000054,60,True,217
55,0.07500000000000051,57,True,222
56,0.07500000000000051,57,True,224
57,0.09500000000000053,59,True,227
58,0.0650000000000005,56,True,232
59,0.10500000000000054,60,True,233
60,0.08500000000000052,58,True,245
61,0.07500000000000051,57,True,253
62,0.08500000000000052,58,True,256
63,0.13500000000000056,63,True,268
64,0.07500000000000051,57,True,273
65,0.08500000000000052,58,True,277
66,0.09500000000000053,59,True,280
67,0.09500000000000053,59,True,283
68,0.07500000000000051,57,True,286
69,0.08500000000000052,58,True,293
70,0.0650000000000005,56,True,300
71,0.08500000000000052,58,True,301
72,0.07500000000000051,57,True,306
73,0.08500000000000052,58,True,309
74,0.055000000000000486,55,True,311
75,0.09500000000000053,59,True,317
76,0.07500000000000051,57,True,318
77,0.09500000000000053,59,True,321
78,0.09500000000000053,59,True,331
79,0.08500000000000052,58,True,334
80,0.09500000000000053,59,True,336
81,0.10500000000000054,60,True,340
82,0.0650000000000005,56,True,341
83,0.08500000000000052,58,True,342
84,0.08500000000000052,58,True,343
85,0.0650000000000005,56,True,344
86,0.07500000000000051,57,True,354
87,0.07500000000000051,57,True,360
88,0.13500000000000056,63,True,366
89,0.08500000000000052,58,True,368
90,0.10500000000000054,60,True,369
91,0.15500000000000058,65,True,371
92,0.10500000000000054,60,True,377
93,0.08500000000000052,58,True,385
94,0.10500000000000054,60,True,386
95,0.12500000000000056,62,True,395
96,0.14500000000000057,64,True,400
97,0.08500000000000052,58,True,401
98,0.13500000000000056,63,True,415
99,0.08500000000000052,58,True,416
100,0.07500000000000051,57,True,417
101,0.11500000000000055,61,True,431
102,0.0650000000000005,56,True,432
103,0.09500000000000053,59,True,434
104,0.09500000000000053,59,True,444
105,0.13500000000000056,63,True,452
106,0.10500000000000054,60,True,454
107,0.10500000000000054,60,True,465
108,0.08500000000000052,58,True,469
109,0.08500000000000052,58,True,470
110,0.08500000000000052,58,True,471
111,0.1750000000000006,67,True,477
112,0.08500000000000052,58,True,483
113,0.10500000000000054,60,True,491
114,0.07500000000000051,57,True,492
115,0.09500000000000053,59,True,496
116,0.07500000000000051,57,True,507
117,0.14500000000000057,64,True,510
